"","chain_number","subj_id","participant_number","mwj","conscPos","conscNeg","dimension","numNeg","description"
"1",2,"5ccdd1c2c6b4e3000168bd47",107,"neg",50,49,"blood",11,"Different coloured blood"
"2",2,"5ccdd1c2c6b4e3000168bd47",107,"neg",73,74,"deception",11,"Huls hide"
"3",2,"5ccdd1c2c6b4e3000168bd47",107,"neg",50,49,"limbs",11,"More limbs (Dobs)"
"4",2,"5ccdd1c2c6b4e3000168bd47",107,"neg",53,52,"DNA",11,"Different DNA"
"5",2,"5ccdd1c2c6b4e3000168bd47",107,"neg",61,54,"trace",11,"Memory length"
"6",2,"5ccdd1c2c6b4e3000168bd47",107,"neg",56,56,"mirror",13,"Reflection awareness"
"7",2,"5ccdd1c2c6b4e3000168bd47",107,"neg",51,51,"eyes",11,"Orientation of eyes"
"8",2,"5ccdd1c2c6b4e3000168bd47",107,"neg",56,55,"discrimination",15,"Level of perception"
"9",2,"5c577dcdd05b820001395ce9",106,"neg",84,83,"mirror",13,"Toffs clean themselves"
"10",2,"5c577dcdd05b820001395ce9",106,"neg",81,82,"eyes",11,"their eyes"
"11",2,"5c577dcdd05b820001395ce9",106,"neg",43,44,"blood",11,"Blood colour"
"12",2,"5c577dcdd05b820001395ce9",106,"neg",50,52,"limbs",11,"number of arms"
"13",2,"5c577dcdd05b820001395ce9",106,"neg",91,94,"discrimination",15,"mental capacity"
"14",2,"5c577dcdd05b820001395ce9",106,"neg",92,93,"deception",11,"guilt"
"15",2,"5c577dcdd05b820001395ce9",106,"neg",87,86,"trace",11,"mental capacity"
"16",2,"5c577dcdd05b820001395ce9",106,"neg",93,93,"DNA",11,"genetic makeup"
"17",2,"5c3476a2f5ebd50001841284",104,"pos",100,80,"deception",10,"The difference is in whether they hide or not when stealing food from neighbours."
"18",2,"5c3476a2f5ebd50001841284",104,"pos",66,69,"limbs",10,"The number of limbs"
"19",2,"5c3476a2f5ebd50001841284",104,"pos",94,84,"trace",10,"The difference is in the short term memory"
"20",2,"5c3476a2f5ebd50001841284",104,"pos",71,72,"DNA",10,"The composition of their genetic code"
"21",2,"5c3476a2f5ebd50001841284",104,"pos",90,81,"mirror",12,"They differ in self hygiene"
"22",2,"5c3476a2f5ebd50001841284",104,"pos",50,51,"blood",10,"The colour of blood"
"23",2,"5c3476a2f5ebd50001841284",104,"pos",100,94,"discrimination",14,"They have different ways to perceive and elaborate similar objects."
"24",2,"5c3476a2f5ebd50001841284",104,"pos",51,50,"eyes",10,"The position of their eyes"
"25",2,"57160a57cd6ea20011dae249",104,"pos",76,50,"mirror",12,"Understanding their reflection"
"26",2,"57160a57cd6ea20011dae249",104,"pos",49,49,"DNA",10,"human DNA blocks"
"27",2,"57160a57cd6ea20011dae249",104,"pos",50,48,"blood",10,"Toffs red blooded"
"28",2,"57160a57cd6ea20011dae249",104,"pos",77,49,"trace",10,"higher cognitive reasoning"
"29",2,"57160a57cd6ea20011dae249",104,"neg",50,49,"limbs",10,"less arm-like limbs"
"30",2,"57160a57cd6ea20011dae249",104,"neg",56,50,"deception",10,"hiding when stealing"
"31",2,"57160a57cd6ea20011dae249",104,"pos",50,49,"eyes",10,"horizontal eye positioning"
"32",2,"57160a57cd6ea20011dae249",104,"pos",50,49,"discrimination",14,"greater visual differentiation"
"33",2,"5e863dd05ae5fb2749124adc",104,"pos",100,100,"trace",10,"Fiks can make the association between light and the treat even when there is a one second delay, but pods could only do this when the treat was given immediately."
"34",2,"5e863dd05ae5fb2749124adc",104,"pos",100,100,"discrimination",14,"Zags can distinguish similar object, unlike Rubs"
"35",2,"5e863dd05ae5fb2749124adc",104,"pos",100,100,"deception",10,"Xons hide when caught, Vems don't hide."
"36",2,"5e863dd05ae5fb2749124adc",104,"pos",100,100,"mirror",12,"Elms recognise their reflections, Yubs don't"
"37",2,"5e863dd05ae5fb2749124adc",104,"pos",100,100,"eyes",10,"Shuks have human like eyes, Geks don't."
"38",2,"5e863dd05ae5fb2749124adc",104,"pos",100,100,"blood",10,"Hul blood is red, Toff is yellow."
"39",2,"5e863dd05ae5fb2749124adc",104,"pos",100,100,"limbs",10,"Dobs have two arms Norps have five."
"40",2,"5e863dd05ae5fb2749124adc",104,"pos",100,100,"DNA",10,"Leems have the same building block DNA as humans, Chups don't"
"41",2,"57e8ccddb9fb6f0001ddb48a",104,"neg",14,81,"deception",10,"Devious cunning corrupt"
"42",2,"57e8ccddb9fb6f0001ddb48a",104,"pos",100,2,"mirror",12,"Fastidious ocd groomed"
"43",2,"57e8ccddb9fb6f0001ddb48a",104,"pos",100,97,"discrimination",14,"Intelligence observant teachable"
"44",2,"57e8ccddb9fb6f0001ddb48a",104,"neg",63,60,"trace",10,"Aware trained compliant"
"45",2,"57e8ccddb9fb6f0001ddb48a",104,"pos",89,94,"limbs",10,"Acceptable humanoid normality"
"46",2,"57e8ccddb9fb6f0001ddb48a",104,"pos",90,89,"DNA",10,"Different characteristics ancestor"
"47",2,"57e8ccddb9fb6f0001ddb48a",104,"pos",91,72,"blood",10,"Human familiarity unknown"
"48",2,"57e8ccddb9fb6f0001ddb48a",104,"pos",98,67,"eyes",10,"Normality familiar acceptable"
"49",2,"5d776e218a8d1d00166d36a6",103,"neg",100,100,"discrimination",15,"fiks can't tell the different between similar objects while shuks can"
"50",2,"5d776e218a8d1d00166d36a6",103,"pos",100,100,"eyes",9,"Different eye placement"
"51",2,"5d776e218a8d1d00166d36a6",103,"pos",100,100,"limbs",9,"leems have 3 more arms"
"52",2,"5d776e218a8d1d00166d36a6",103,"pos",100,100,"deception",9,"toffs don't hide away when caught"
"53",2,"5d776e218a8d1d00166d36a6",103,"neg",100,100,"mirror",13,"rubs like to clean themselves in a mirror while dobs ignore the mirror"
"54",2,"5d776e218a8d1d00166d36a6",103,"neg",100,100,"blood",11,"tubs have red blood and chups have yellow blood"
"55",2,"5d776e218a8d1d00166d36a6",103,"neg",100,100,"trace",11,"xons don't hold as much information as norps"
"56",2,"5d776e218a8d1d00166d36a6",103,"neg",100,100,"DNA",11,"geks have dna that resembles humans while elms don't"
"57",2,"5af4579eb625f70001e0cfad",102,"neg",93,83,"mirror",14,"Rags will try and remove a speck of dirt from their forehead if they are it in a mirror and zags just ignore the mirror"
"58",2,"5af4579eb625f70001e0cfad",102,"neg",90,87,"discrimination",16,"Toffs can tell the difference between very similar objects and fiks cannot"
"59",2,"5af4579eb625f70001e0cfad",102,"pos",100,100,"limbs",8,"Keems have 2 arms and dons have 5 arms"
"60",2,"5af4579eb625f70001e0cfad",102,"pos",100,100,"deception",8,"Pods and norms react differently when caught stealing"
"61",2,"5af4579eb625f70001e0cfad",102,"pos",79,79,"eyes",8,"Shuks have their eyes horizontal and elms eyes are vertically aligned"
"62",2,"5af4579eb625f70001e0cfad",102,"neg",83,85,"DNA",12,"Yubs DNA is chemically similar to ours and xons are chemically distinct"
"63",2,"5af4579eb625f70001e0cfad",102,"pos",92,85,"trace",10,"Hulse were able to associate cause and effect after time had passed and chips could only associate thing immediately"
"64",2,"5af4579eb625f70001e0cfad",102,"pos",91,93,"blood",10,"Gek blood is red and even blood is yellow"
"65",2,"5a1b02925d06850001b00ecc",101,"pos",80,78,"limbs",7,"Elms have more arms"
"66",2,"5a1b02925d06850001b00ecc",101,"neg",89,70,"trace",11,"Association between treats and lights varies with time"
"67",2,"5a1b02925d06850001b00ecc",101,"neg",82,97,"DNA",13,"resemblance to human DNA"
"68",2,"5a1b02925d06850001b00ecc",101,"neg",85,71,"discrimination",17,"tell the difference between similar objects"
"69",2,"5a1b02925d06850001b00ecc",101,"pos",91,79,"deception",7,"concealing themselves"
"70",2,"5a1b02925d06850001b00ecc",101,"neg",92,89,"mirror",15,"removal of dirt"
"71",2,"5a1b02925d06850001b00ecc",101,"neg",89,90,"eyes",9,"different eye positions"
"72",2,"5a1b02925d06850001b00ecc",101,"neg",91,91,"blood",11,"different blood colour"
"73",2,"5ff2018230cadfe8552b82c9",100,"neg",100,100,"trace",12,"Huls had slight delayed gratification"
"74",2,"5ff2018230cadfe8552b82c9",100,"neg",100,100,"deception",8,"Elms are more crafty than Rubs"
"75",2,"5ff2018230cadfe8552b82c9",100,"neg",100,100,"eyes",10,"The positioning of their eyes"
"76",2,"5ff2018230cadfe8552b82c9",100,"neg",100,100,"limbs",8,"The number of arm-like limbs"
"77",2,"5ff2018230cadfe8552b82c9",100,"pos",100,85,"mirror",14,"Toffs ignore the mirror reflection"
"78",2,"5ff2018230cadfe8552b82c9",100,"neg",100,100,"DNA",14,"Human DNA"
"79",2,"5ff2018230cadfe8552b82c9",100,"pos",100,100,"discrimination",16,"Differentiate between simple objects"
"80",2,"5ff2018230cadfe8552b82c9",100,"neg",100,100,"blood",12,"Blood colour"
"81",2,"5e230311699ac45b327786dc",99,"pos",48,50,"mirror",13,"removes dirt on forehead"
"82",2,"5e230311699ac45b327786dc",99,"pos",100,100,"trace",11,"speed of association"
"83",2,"5e230311699ac45b327786dc",99,"neg",100,100,"deception",9,"don't hide when stealing"
"84",2,"5e230311699ac45b327786dc",99,"pos",51,52,"DNA",13,"building blocks of human DNA"
"85",2,"5e230311699ac45b327786dc",99,"pos",100,100,"discrimination",15,"ability to differentiate"
"86",2,"5e230311699ac45b327786dc",99,"neg",51,52,"limbs",9,"number of limbs"
"87",2,"5e230311699ac45b327786dc",99,"neg",51,51,"eyes",11,"eye position"
"88",2,"5e230311699ac45b327786dc",99,"pos",50,51,"blood",11,"blood color"
"89",2,"5d612ae16512d700159face7",98,"neg",67,68,"blood",12,"blood color"
"90",2,"5d612ae16512d700159face7",98,"neg",77,79,"mirror",14,"Shuks ignore fleck of dirt on their foreheads"
"91",2,"5d612ae16512d700159face7",98,"neg",76,77,"DNA",14,"Dobs DNA has no chemical resemblance to human DNA"
"92",2,"5d612ae16512d700159face7",98,"neg",69,73,"eyes",12,"Chups eyes are stacked"
"93",2,"5d612ae16512d700159face7",98,"pos",75,76,"deception",8,"Yubs steal food but don't hide when caught"
"94",2,"5d612ae16512d700159face7",98,"neg",87,85,"discrimination",16,"Pods are unable to tell the similarities between objects"
"95",2,"5d612ae16512d700159face7",98,"neg",77,76,"limbs",10,"Huls have 3 more limbs than Rubs"
"96",2,"5d612ae16512d700159face7",98,"neg",76,76,"trace",12,"Xons wanted their treat earlier than Elms"
"97",2,"5e3f4c676d06fc1b240e6021",97,"neg",57,57,"deception",9,"Elms do not attempt to hide after stealing food and Rubs attempt to hide."
"98",2,"5e3f4c676d06fc1b240e6021",97,"pos",55,55,"eyes",11,"Eyes are located differently,"
"99",2,"5e3f4c676d06fc1b240e6021",97,"pos",60,59,"trace",11,"Their memories differ."
"100",2,"5e3f4c676d06fc1b240e6021",97,"pos",65,68,"limbs",9,"Dobs have five arms instead of two."
"101",2,"5e3f4c676d06fc1b240e6021",97,"pos",63,62,"DNA",13,"Different gene pools."
"102",2,"5e3f4c676d06fc1b240e6021",97,"pos",70,71,"discrimination",15,"Fiks seem to be more intelligent."
"103",2,"5e3f4c676d06fc1b240e6021",97,"pos",62,67,"blood",11,"Different color blood."
"104",2,"5e3f4c676d06fc1b240e6021",97,"pos",60,62,"mirror",13,"Pods are more aware of their appearance."
"105",2,"5f517ddee960a93daa69b8bb",96,"pos",62,63,"limbs",8,"Two arms"
"106",2,"5f517ddee960a93daa69b8bb",96,"neg",60,60,"blood",12,"Red Blood"
"107",2,"5f517ddee960a93daa69b8bb",96,"pos",71,70,"eyes",10,"Bilaterally symmetrical eyes"
"108",2,"5f517ddee960a93daa69b8bb",96,"pos",81,62,"DNA",12,"Similar Human Nucleotides"
"109",2,"5f517ddee960a93daa69b8bb",96,"pos",84,63,"discrimination",14,"Better object differentiation"
"110",2,"5f517ddee960a93daa69b8bb",96,"neg",73,60,"trace",12,"Better memory"
"111",2,"5f517ddee960a93daa69b8bb",96,"pos",87,77,"deception",8,"Social intelligence"
"112",2,"5f517ddee960a93daa69b8bb",96,"pos",72,72,"mirror",12,"Attention to detail"
"113",2,"5f68411df9dd77492795d2d7",95,"neg",70,100,"limbs",9,"Number of arms"
"114",2,"5f68411df9dd77492795d2d7",95,"pos",95,79,"DNA",11,"building blocks"
"115",2,"5f68411df9dd77492795d2d7",95,"pos",84,44,"blood",11,"Color of blood"
"116",2,"5f68411df9dd77492795d2d7",95,"pos",100,82,"trace",11,"Zags are able to make the association"
"117",2,"5f68411df9dd77492795d2d7",95,"pos",78,25,"mirror",11,"They can see dirt on them in a mirror and they act to remove it"
"118",2,"5f68411df9dd77492795d2d7",95,"neg",27,75,"deception",9,"Vems hide when they steal food from their neighbours"
"119",2,"5f68411df9dd77492795d2d7",95,"pos",71,20,"eyes",9,"Situation of their eyes"
"120",2,"5f68411df9dd77492795d2d7",95,"pos",91,17,"discrimination",13,"Rubs can tell difference between similiar objects"
"121",2,"5bcdcec677740000016ad642",94,"neg",50,51,"limbs",10,"Huls have less arms"
"122",2,"5bcdcec677740000016ad642",94,"pos",59,52,"trace",10,"Norps more aware"
"123",2,"5bcdcec677740000016ad642",94,"pos",50,51,"discrimination",12,"Xons have better discrimination"
"124",2,"5bcdcec677740000016ad642",94,"pos",64,53,"mirror",10,"Geks recognise themselves"
"125",2,"5bcdcec677740000016ad642",94,"pos",50,50,"DNA",10,"different genes"
"126",2,"5bcdcec677740000016ad642",94,"neg",51,48,"eyes",10,"Eyes horizontal vs vertical"
"127",2,"5bcdcec677740000016ad642",94,"pos",63,50,"deception",8,"Toffs feel guilt/shame"
"128",2,"5bcdcec677740000016ad642",94,"pos",49,50,"blood",10,"different colour blood"
"129",2,"5ee138e603074250cc12b4a3",93,"neg",100,100,"limbs",11,"have less arms"
"130",2,"5ee138e603074250cc12b4a3",93,"pos",100,100,"mirror",9,"Actively clean"
"131",2,"5ee138e603074250cc12b4a3",93,"neg",100,100,"trace",11,"Longer memory association"
"132",2,"5ee138e603074250cc12b4a3",93,"neg",50,50,"DNA",11,"ACTG based genes"
"133",2,"5ee138e603074250cc12b4a3",93,"neg",55,54,"eyes",11,"horizontal eye axis"
"134",2,"5ee138e603074250cc12b4a3",93,"neg",82,82,"deception",9,"hiding when caught"
"135",2,"5ee138e603074250cc12b4a3",93,"neg",73,73,"discrimination",13,"object recognition/differentiation"
"136",2,"5ee138e603074250cc12b4a3",93,"neg",53,54,"blood",11,"different colored blood"
"137",2,"5f306667868c4611c0f396f8",92,"pos",87,44,"discrimination",12,"differentiating similar objects"
"138",2,"5f306667868c4611c0f396f8",92,"pos",54,54,"blood",10,"their blood color"
"139",2,"5f306667868c4611c0f396f8",92,"pos",85,50,"trace",10,"long term memory"
"140",2,"5f306667868c4611c0f396f8",92,"pos",57,56,"eyes",10,"the position of eyes"
"141",2,"5f306667868c4611c0f396f8",92,"neg",57,63,"deception",10,"their honesty"
"142",2,"5f306667868c4611c0f396f8",92,"neg",79,74,"mirror",10,"compulsion for cleanliness"
"143",2,"5f306667868c4611c0f396f8",92,"pos",88,50,"DNA",10,"resemblance to human genes"
"144",2,"5f306667868c4611c0f396f8",92,"pos",81,50,"limbs",10,"number of limbs"
"145",2,"597fe89a1b41a20001749f57",91,"pos",100,100,"eyes",9,"Eye position"
"146",2,"597fe89a1b41a20001749f57",91,"neg",100,100,"discrimination",13,"Item perception"
"147",2,"597fe89a1b41a20001749f57",91,"neg",100,100,"DNA",11,"Different genes"
"148",2,"597fe89a1b41a20001749f57",91,"neg",97,100,"blood",11,"Blood color"
"149",2,"597fe89a1b41a20001749f57",91,"pos",100,99,"limbs",9,"Limb number"
"150",2,"597fe89a1b41a20001749f57",91,"pos",100,100,"trace",9,"Light association"
"151",2,"597fe89a1b41a20001749f57",91,"neg",100,99,"mirror",11,"Self cleanliness"
"152",2,"597fe89a1b41a20001749f57",91,"neg",98,100,"deception",11,"Hiding themselves"
"153",2,"5eeaff28cf5da71d691ef212",90,"neg",100,100,"eyes",10,"eye position"
"154",2,"5eeaff28cf5da71d691ef212",90,"pos",100,100,"discrimination",12,"object differentiation"
"155",2,"5eeaff28cf5da71d691ef212",90,"neg",100,100,"trace",10,"stimulus association"
"156",2,"5eeaff28cf5da71d691ef212",90,"pos",100,96,"blood",10,"blood color"
"157",2,"5eeaff28cf5da71d691ef212",90,"neg",100,100,"limbs",10,"limb amount"
"158",2,"5eeaff28cf5da71d691ef212",90,"pos",81,40,"deception",10,"hide when caught"
"159",2,"5eeaff28cf5da71d691ef212",90,"pos",100,100,"DNA",10,"different building block"
"160",2,"5eeaff28cf5da71d691ef212",90,"pos",98,74,"mirror",10,"reaction in mirror"
"161",2,"5f51119bc8cfea2d859ed1b7",89,"neg",100,100,"discrimination",13,"more perceptive"
"162",2,"5f51119bc8cfea2d859ed1b7",89,"pos",100,100,"limbs",9,"number of limbs"
"163",2,"5f51119bc8cfea2d859ed1b7",89,"neg",100,100,"DNA",11,"their DNA"
"164",2,"5f51119bc8cfea2d859ed1b7",89,"neg",100,100,"mirror",11,"more self-aware"
"165",2,"5f51119bc8cfea2d859ed1b7",89,"pos",100,100,"blood",9,"colour of blood"
"166",2,"5f51119bc8cfea2d859ed1b7",89,"pos",100,100,"eyes",9,"postion of eyes"
"167",2,"5f51119bc8cfea2d859ed1b7",89,"pos",100,100,"deception",9,"Chups feel shame"
"168",2,"5f51119bc8cfea2d859ed1b7",89,"neg",100,100,"trace",11,"delayed gratification"
"169",2,"5f522c40069004482b3af322",88,"neg",0,0,"blood",10,"The color of their blood, where toffs have red and dobs have yellow color blood."
"170",2,"5f522c40069004482b3af322",88,"neg",100,0,"deception",10,"hide not hide"
"171",2,"5f522c40069004482b3af322",88,"pos",100,0,"mirror",10,"zags are clean"
"172",2,"5f522c40069004482b3af322",88,"pos",73,22,"trace",10,"longer memory"
"173",2,"5f522c40069004482b3af322",88,"neg",32,30,"limbs",10,"number of limbs"
"174",2,"5f522c40069004482b3af322",88,"pos",21,22,"DNA",10,"Human DNA"
"175",2,"5f522c40069004482b3af322",88,"neg",24,23,"eyes",10,"relative eye position"
"176",2,"5f522c40069004482b3af322",88,"neg",59,45,"discrimination",14,"tell the difference"
"177",2,"5f63a183f422c50c4c81ef93",87,"pos",50,51,"limbs",9,"number of limbs"
"178",2,"5f63a183f422c50c4c81ef93",87,"neg",51,50,"eyes",11,"position of eyes"
"179",2,"5f63a183f422c50c4c81ef93",87,"neg",52,50,"DNA",11,"building blocks of human DNA"
"180",2,"5f63a183f422c50c4c81ef93",87,"pos",51,50,"deception",9,"hide when caught"
"181",2,"5f63a183f422c50c4c81ef93",87,"pos",51,50,"blood",9,"blood colour"
"182",2,"5f63a183f422c50c4c81ef93",87,"neg",52,50,"trace",11,"time of response"
"183",2,"5f63a183f422c50c4c81ef93",87,"neg",53,50,"discrimination",15,"distinguish similar objects"
"184",2,"5f63a183f422c50c4c81ef93",87,"neg",52,50,"mirror",11,"dirt on face"
"185",2,"5dfc64647adf4b971f329cbf",86,"pos",100,36,"mirror",10,"The Xons actually like to be clean thus are sentient beings aware of their own reflective image while the Nops like to think they are clean and ignore their image thus unaware of themselves."
"186",2,"5dfc64647adf4b971f329cbf",86,"pos",82,55,"eyes",10,"Different visual perspective"
"187",2,"5dfc64647adf4b971f329cbf",86,"pos",87,41,"trace",10,"Memory retention"
"188",2,"5dfc64647adf4b971f329cbf",86,"pos",80,64,"discrimination",14,"Deep reasoning ability"
"189",2,"5dfc64647adf4b971f329cbf",86,"pos",61,50,"DNA",10,"different building blocks"
"190",2,"5dfc64647adf4b971f329cbf",86,"neg",57,55,"blood",10,"Different blood color"
"191",2,"5dfc64647adf4b971f329cbf",86,"neg",72,62,"limbs",10,"number of limbs"
"192",2,"5dfc64647adf4b971f329cbf",86,"neg",55,87,"deception",10,"Reaction when caught"
"193",2,"5f5e32a0d6a12c6857b8e127",85,"neg",50,52,"DNA",11,"human DNA resemblance"
"194",2,"5f5e32a0d6a12c6857b8e127",85,"pos",49,50,"blood",9,"blood color"
"195",2,"5f5e32a0d6a12c6857b8e127",85,"pos",52,50,"limbs",9,"number of limbs"
"196",2,"5f5e32a0d6a12c6857b8e127",85,"pos",100,100,"mirror",9,"cleaning behaviors"
"197",2,"5f5e32a0d6a12c6857b8e127",85,"neg",100,93,"discrimination",15,"Intelligence"
"198",2,"5f5e32a0d6a12c6857b8e127",85,"neg",53,50,"eyes",11,"eye placement"
"199",2,"5f5e32a0d6a12c6857b8e127",85,"pos",100,100,"deception",9,"hiding behaviors"
"200",2,"5f5e32a0d6a12c6857b8e127",85,"neg",100,91,"trace",11,"Intelligence"
"201",2,"5eef56e6ea75141e4e80366b",84,"neg",50,50,"DNA",12,"human dna"
"202",2,"5eef56e6ea75141e4e80366b",84,"pos",50,49,"discrimination",14,"difference between objects"
"203",2,"5eef56e6ea75141e4e80366b",84,"neg",55,50,"trace",12,"association after time"
"204",2,"5eef56e6ea75141e4e80366b",84,"neg",53,51,"deception",10,"don't hide"
"205",2,"5eef56e6ea75141e4e80366b",84,"neg",49,50,"limbs",10,"number of limbs"
"206",2,"5eef56e6ea75141e4e80366b",84,"pos",51,50,"eyes",10,"different eyes"
"207",2,"5eef56e6ea75141e4e80366b",84,"neg",52,50,"mirror",10,"use mirror"
"208",2,"5eef56e6ea75141e4e80366b",84,"neg",52,51,"blood",10,"different colour"
"209",2,"5ffbe711c5981467b40dca13",83,"neg",62,42,"mirror",11,"Xons appear to be more aware than Yubs."
"210",2,"5ffbe711c5981467b40dca13",83,"neg",57,59,"eyes",11,"Zags eye placement is different from Dobs"
"211",2,"5ffbe711c5981467b40dca13",83,"neg",59,50,"trace",13,"Chups appear to have better memory"
"212",2,"5ffbe711c5981467b40dca13",83,"pos",58,56,"discrimination",13,"Shuks can perceive details better."
"213",2,"5ffbe711c5981467b40dca13",83,"neg",48,50,"limbs",11,"Elms evolved more limbs."
"214",2,"5ffbe711c5981467b40dca13",83,"neg",50,49,"blood",11,"Hul and Pod blood cells are different."
"215",2,"5ffbe711c5981467b40dca13",83,"pos",66,57,"deception",9,"Geks appear to know what stealing is."
"216",2,"5ffbe711c5981467b40dca13",83,"neg",50,50,"DNA",13,"Vem genes may have come from the same source as humans."
"217",2,"5f566443352f600826449f4b",82,"pos",49,50,"eyes",10,"eye location"
"218",2,"5f566443352f600826449f4b",82,"pos",50,50,"limbs",10,"number of limbs"
"219",2,"5f566443352f600826449f4b",82,"pos",49,50,"DNA",12,"composition of genes"
"220",2,"5f566443352f600826449f4b",82,"pos",67,50,"mirror",10,"recognition of self"
"221",2,"5f566443352f600826449f4b",82,"pos",79,64,"trace",12,"ability to learn"
"222",2,"5f566443352f600826449f4b",82,"pos",49,51,"blood",10,"blood colour"
"223",2,"5f566443352f600826449f4b",82,"pos",80,68,"discrimination",12,"ability to discriminate"
"224",2,"5f566443352f600826449f4b",82,"neg",75,73,"deception",10,"tactical ability"
"225",2,"5ef8fdc78035710910786d4f",81,"neg",100,100,"limbs",11,"different amount of arms"
"226",2,"5ef8fdc78035710910786d4f",81,"neg",100,100,"discrimination",13,"chups cant tell the difference between similar things"
"227",2,"5ef8fdc78035710910786d4f",81,"neg",100,100,"deception",11,"norps do not attempt to hide their crimes"
"228",2,"5ef8fdc78035710910786d4f",81,"pos",100,100,"DNA",11,"toffs share the same dna building blocks as us"
"229",2,"5ef8fdc78035710910786d4f",81,"neg",100,100,"blood",11,"different coloured blood"
"230",2,"5ef8fdc78035710910786d4f",81,"neg",100,100,"eyes",11,"different positions of eyes"
"231",2,"5ef8fdc78035710910786d4f",81,"neg",100,100,"mirror",11,"leems dont try and keep themselves as clean as xons"
"232",2,"5ef8fdc78035710910786d4f",81,"pos",100,100,"trace",11,"the huls could assocuate stimulus and rewards despite the time lag for the reward and the vems cant"
"233",2,"5e92178e8ee4fe54b65b7c39",80,"neg",58,56,"eyes",12,"Different eyes"
"234",2,"5e92178e8ee4fe54b65b7c39",80,"neg",69,59,"trace",12,"Huls smarter"
"235",2,"5e92178e8ee4fe54b65b7c39",80,"pos",83,58,"deception",10,"Dons feel guilt"
"236",2,"5e92178e8ee4fe54b65b7c39",80,"neg",71,51,"discrimination",14,"Pods see specifics"
"237",2,"5e92178e8ee4fe54b65b7c39",80,"pos",55,55,"blood",10,"Blood is red"
"238",2,"5e92178e8ee4fe54b65b7c39",80,"pos",51,49,"limbs",10,"Two arms"
"239",2,"5e92178e8ee4fe54b65b7c39",80,"neg",57,52,"DNA",12,"Human like dna"
"240",2,"5e92178e8ee4fe54b65b7c39",80,"pos",100,40,"mirror",10,"Recognize in mirror"
"241",2,"5eaf1c2d3ae57560df5f01a0",79,"neg",95,97,"eyes",13,"Geks have eyes situated above one another"
"242",2,"5eaf1c2d3ae57560df5f01a0",79,"pos",91,76,"mirror",9,"Pods ignore dirt"
"243",2,"5eaf1c2d3ae57560df5f01a0",79,"pos",93,72,"limbs",9,"Xons have more limbs"
"244",2,"5eaf1c2d3ae57560df5f01a0",79,"neg",97,76,"deception",11,"Shucks dont hide"
"245",2,"5eaf1c2d3ae57560df5f01a0",79,"neg",70,91,"discrimination",15,"Vems not good sight"
"246",2,"5eaf1c2d3ae57560df5f01a0",79,"neg",4,2,"DNA",13,"No resemblance to human DNA"
"247",2,"5eaf1c2d3ae57560df5f01a0",79,"neg",70,66,"blood",11,"Different colour blood"
"248",2,"5eaf1c2d3ae57560df5f01a0",79,"neg",83,86,"trace",13,"Better sight when fed"
"249",2,"5f29db79a451971822d81b6b",78,"neg",21,24,"blood",12,"Rubs have red blood"
"250",2,"5f29db79a451971822d81b6b",78,"pos",63,45,"discrimination",14,"Leems can see more details"
"251",2,"5f29db79a451971822d81b6b",78,"neg",8,9,"limbs",10,"Dobs have two arm like limbs"
"252",2,"5f29db79a451971822d81b6b",78,"neg",75,75,"mirror",10,"Toffs are more sensitive to dirt"
"253",2,"5f29db79a451971822d81b6b",78,"pos",22,26,"eyes",12,"Norps have eyes beside each other"
"254",2,"5f29db79a451971822d81b6b",78,"pos",86,75,"trace",12,"Vems can retain information longer"
"255",2,"5f29db79a451971822d81b6b",78,"pos",93,43,"deception",10,"Huls feel more ashamed of their actions"
"256",2,"5f29db79a451971822d81b6b",78,"pos",90,59,"DNA",12,"human DNA building blocks"
"257",2,"5dd05d80b2204f1487f7812c",77,"neg",89,84,"blood",13,"They have different coloured blood."
"258",2,"5dd05d80b2204f1487f7812c",77,"neg",87,87,"mirror",11,"Rubs like to clean themselves in a the mirror. Pods seem to ignore the mirror."
"259",2,"5dd05d80b2204f1487f7812c",77,"neg",81,92,"deception",11,"The difference is Dobs seem to be more honest."
"260",2,"5dd05d80b2204f1487f7812c",77,"pos",96,78,"DNA",11,"Xon seem more related to humans than Leems."
"261",2,"5dd05d80b2204f1487f7812c",77,"neg",95,91,"eyes",13,"Their eyes are lined up differently."
"262",2,"5dd05d80b2204f1487f7812c",77,"neg",89,91,"trace",13,"They react differently to light."
"263",2,"5dd05d80b2204f1487f7812c",77,"neg",92,81,"discrimination",15,"Yubs can tell similar shapes apart. Norps cannot."
"264",2,"5dd05d80b2204f1487f7812c",77,"neg",90,89,"limbs",11,"They have different amount of arms."
"265",2,"5eb1f6fc96a926357133cbb1",76,"pos",100,84,"deception",10,"they hide themselves"
"266",2,"5eb1f6fc96a926357133cbb1",76,"neg",76,77,"blood",14,"Different color blood"
"267",2,"5eb1f6fc96a926357133cbb1",76,"pos",100,100,"mirror",10,"they remove dirt"
"268",2,"5eb1f6fc96a926357133cbb1",76,"neg",79,79,"DNA",12,"how they're made"
"269",2,"5eb1f6fc96a926357133cbb1",76,"neg",82,82,"eyes",14,"eye placement"
"270",2,"5eb1f6fc96a926357133cbb1",76,"pos",100,90,"trace",12,"Treat timing responsiveness"
"271",2,"5eb1f6fc96a926357133cbb1",76,"neg",100,100,"discrimination",16,"Ability to differentiate"
"272",2,"5eb1f6fc96a926357133cbb1",76,"neg",85,86,"limbs",12,"Number of arms"
"273",2,"5f4e79fc592a74059a7a9786",75,"neg",76,57,"mirror",11,"pays attention to detail"
"274",2,"5f4e79fc592a74059a7a9786",75,"pos",68,68,"limbs",11,"more limbs"
"275",2,"5f4e79fc592a74059a7a9786",75,"pos",85,55,"DNA",11,"similar to humans"
"276",2,"5f4e79fc592a74059a7a9786",75,"neg",58,88,"deception",11,"they hide"
"277",2,"5f4e79fc592a74059a7a9786",75,"pos",92,65,"discrimination",15,"can see differences between similar objects"
"278",2,"5f4e79fc592a74059a7a9786",75,"pos",100,4,"eyes",13,"different eye oreintation"
"279",2,"5f4e79fc592a74059a7a9786",75,"pos",86,59,"trace",11,"more advanced brain and eye coordination"
"280",2,"5f4e79fc592a74059a7a9786",75,"pos",75,32,"blood",13,"different blood colour"
"281",2,"5e81b038c8977f000964e5b2",74,"neg",100,20,"mirror",12,"Attention to detail"
"282",2,"5e81b038c8977f000964e5b2",74,"neg",91,50,"discrimination",16,"Seeing the finer details"
"283",2,"5e81b038c8977f000964e5b2",74,"neg",54,53,"eyes",14,"Different location of eyes"
"284",2,"5e81b038c8977f000964e5b2",74,"neg",52,52,"DNA",12,"Sharing similarities with human DNA"
"285",2,"5e81b038c8977f000964e5b2",74,"neg",75,50,"deception",12,"Hide when caught"
"286",2,"5e81b038c8977f000964e5b2",74,"neg",51,50,"blood",14,"Different coloured blood"
"287",2,"5e81b038c8977f000964e5b2",74,"neg",74,50,"trace",12,"Association with treats & light at different times"
"288",2,"5e81b038c8977f000964e5b2",74,"neg",54,52,"limbs",12,"Different amount of limbs"
"289",2,"5f6f8cc1d1db335366cbf037",73,"pos",100,0,"DNA",11,"Gems are made of buildings blocks that are same with human while Schuks are not."
"290",2,"5f6f8cc1d1db335366cbf037",73,"pos",100,0,"discrimination",15,"Yoga can tell difference between similar objects while Dobs cannot."
"291",2,"5f6f8cc1d1db335366cbf037",73,"pos",100,0,"mirror",11,"Pods are neater conscious than Norps."
"292",2,"5f6f8cc1d1db335366cbf037",73,"pos",100,0,"blood",13,"The colour of their blood"
"293",2,"5f6f8cc1d1db335366cbf037",73,"pos",100,0,"deception",11,"Toffs are aware of the consequences of stealing while Huls are not."
"294",2,"5f6f8cc1d1db335366cbf037",73,"pos",100,0,"limbs",11,"They have different number of arms."
"295",2,"5f6f8cc1d1db335366cbf037",73,"pos",100,0,"eyes",13,"Elms look normal"
"296",2,"5f6f8cc1d1db335366cbf037",73,"neg",0,100,"trace",13,"Difference in reaction to treat"
"297",2,"5f4cd5db1798ec8ffb4029fb",72,"pos",100,38,"trace",12,"Huls were able to associate between the light and the treat even when the treat was given as long as one second after the light while Shuks were unable to make the association unless the treat was given immediately."
"298",2,"5f4cd5db1798ec8ffb4029fb",72,"pos",97,12,"deception",10,"Rubs hide themselves after stealing while Pods do not."
"299",2,"5f4cd5db1798ec8ffb4029fb",72,"neg",93,52,"discrimination",16,"Norps could tell the difference between similar objects while Fiks couldn't."
"300",2,"5f4cd5db1798ec8ffb4029fb",72,"pos",70,69,"eyes",12,"Geks have right and left eyes while Vems eyes are situated one above the other"
"301",2,"5f4cd5db1798ec8ffb4029fb",72,"neg",95,90,"blood",14,"Dobs bloods are red while Xons bloods are yellow."
"302",2,"5f4cd5db1798ec8ffb4029fb",72,"pos",85,81,"DNA",10,"Toffs gene bears resemblance with the human dna while Zags gene bears no resemblance to the human dna"
"303",2,"5f4cd5db1798ec8ffb4029fb",72,"pos",100,32,"mirror",10,"Yubs acts to remove a fleck of dirt on their foreheads when seen in the mirror while Leems ignores the dirts when seen in the mirror."
"304",2,"5f4cd5db1798ec8ffb4029fb",72,"pos",100,100,"limbs",10,"Chups have two arm-like limbs while Elms have five"
"305",2,"5f4ccc1c0a96477ca49da98c",71,"neg",100,86,"discrimination",17,"Zags are able to tell the difference between similar object while Pods can not."
"306",2,"5f4ccc1c0a96477ca49da98c",71,"neg",92,77,"trace",13,"Huls were able to make the association better light and treat quickly while skuks are only able to associate when the treat was given immediately"
"307",2,"5f4ccc1c0a96477ca49da98c",71,"neg",100,65,"mirror",11,"Elms removes a fleck of dirt on their foreheads when seen in a mirror while Rubs ignores the fleck of dirt when seen in the mirror"
"308",2,"5f4ccc1c0a96477ca49da98c",71,"neg",99,100,"eyes",13,"Fiks have right and left eyes while Leems have their eyes located one above the other."
"309",2,"5f4ccc1c0a96477ca49da98c",71,"pos",100,27,"deception",9,"Vems attempts to hide after stealing foods while Norps do not attempt to hide themselves after stealing foods."
"310",2,"5f4ccc1c0a96477ca49da98c",71,"neg",98,100,"limbs",11,"Xons have two arm-like limbs while Geks have five."
"311",2,"5f4ccc1c0a96477ca49da98c",71,"pos",99,93,"blood",13,"Yubs bloods are red while Chups blood are yellow."
"312",2,"5f4ccc1c0a96477ca49da98c",71,"pos",99,92,"DNA",9,"Don't genes are made up of the same building blocks that forms the human dna while Toffs gene are made up of a building blocks that's completely different from the human dna"
"313",2,"5f4cc1ded01b151cbb03c0f8",70,"neg",85,82,"blood",14,"The only difference is that Elms bloods are red while Zags bloods are yellow."
"314",2,"5f4cc1ded01b151cbb03c0f8",70,"neg",74,76,"deception",10,"Toffs often hide themselves after stealing foods from their neighbours while fiks do not hide themselves"
"315",2,"5f4cc1ded01b151cbb03c0f8",70,"neg",95,66,"trace",14,"Norps were able to associate the light and the flash in a experiment while the Leems couldn't but only when the treat was given immediately."
"316",2,"5f4cc1ded01b151cbb03c0f8",70,"pos",66,69,"limbs",10,"Geks have two arm-like limbs while shuks have five arm-like limbs."
"317",2,"5f4cc1ded01b151cbb03c0f8",70,"neg",77,75,"eyes",14,"Rubs have two eyes on each side their face while Dobs eyes are situated one above another."
"318",2,"5f4cc1ded01b151cbb03c0f8",70,"neg",98,82,"discrimination",18,"Hubs can differentiate between similar objects while Yubs cannot."
"319",2,"5f4cc1ded01b151cbb03c0f8",70,"neg",89,52,"mirror",12,"Vems often removes dirt when seen on their foreheads while Chups often ignores the dirt when seen"
"320",2,"5f4cc1ded01b151cbb03c0f8",70,"pos",91,74,"DNA",8,"Xons gene are made up of the same building blocks that makes up human DNA while Pods gene made up of building blocks that bears no resemblance to human DNA."
"321",2,"5f4ced34dbc54406d1684da0",69,"pos",84,83,"DNA",7,"vem gene are made up of the same building blocks that makes up human DNA while the gene of rubs building blocks have no resemblance with the human DNA."
"322",2,"5f4ced34dbc54406d1684da0",69,"neg",90,94,"mirror",13,"When pods sees a fleck of dirt on their foreheads they acts to remove it while huls ignores when a fleck of dirt is on their foreheads"
"323",2,"5f4ced34dbc54406d1684da0",69,"neg",71,71,"eyes",15,"The difference between toffs and chups is that toffs have right and left eyes while chups eyes are placed one above the other"
"324",2,"5f4ced34dbc54406d1684da0",69,"neg",78,78,"trace",15,"Norps and leems were different in that norps tends to react quickly to make the association between the light and the treat while leems could only make the association better the light and the treat only when they the treat was given immediately."
"325",2,"5f4ced34dbc54406d1684da0",69,"neg",79,84,"discrimination",19,"Zugs are able to tell the difference between similar object while Yubs can't"
"326",2,"5f4ced34dbc54406d1684da0",69,"neg",74,75,"blood",15,"Dob blood is red while Elm blood is yellow"
"327",2,"5f4ced34dbc54406d1684da0",69,"neg",85,89,"limbs",11,"Geks have two arms like limbs while shuks have five"
"328",2,"5f4ced34dbc54406d1684da0",69,"pos",93,88,"deception",9,"Fiks likes to hide themselves when caught stealing while Xons do not attempt to hide themselves"
"329",2,"5f7a053b728abc638c1b066e",68,"pos",100,0,"trace",14,"Light and treat"
"330",2,"5f7a053b728abc638c1b066e",68,"pos",100,0,"blood",14,"Red and yellow"
"331",2,"5f7a053b728abc638c1b066e",68,"pos",100,3,"discrimination",18,"Similar objects"
"332",2,"5f7a053b728abc638c1b066e",68,"pos",100,0,"mirror",12,"Chups ignore dirty"
"333",2,"5f7a053b728abc638c1b066e",68,"pos",100,0,"eyes",14,"Side by side"
"334",2,"5f7a053b728abc638c1b066e",68,"pos",100,0,"limbs",10,"Two and five"
"335",2,"5f7a053b728abc638c1b066e",68,"neg",0,100,"deception",10,"Truth and lie"
"336",2,"5f7a053b728abc638c1b066e",68,"neg",0,100,"DNA",8,"Difference on blood"
"337",2,"5f69c866452f870008cfafb0",67,"pos",88,0,"discrimination",17,"Chups are unable to tell the difference between very similar objects, on the other hand Dobs can tell the difference between the difference between similar objects."
"338",2,"5f69c866452f870008cfafb0",67,"neg",13,100,"mirror",13,"Both Toffs and Rubs like to keep themselves clean but Rubs ignore the mirror when they see a fleck of dirts on their forehead but Toffs don't."
"339",2,"5f69c866452f870008cfafb0",67,"neg",100,17,"trace",15,"Zara are only able to make the association between light and treat when the treat is given immediately but even after one second Cons were still able to make the association between the light and the treat."
"340",2,"5f69c866452f870008cfafb0",67,"neg",80,43,"DNA",9,"Genes are made up of building blocks that that in no way bear chemical resemblance to human DNA but Shut building blocks do."
"341",2,"5f69c866452f870008cfafb0",67,"pos",59,61,"eyes",13,"The eyes of Tube are situated one above the other whereas the eyes of are not."
"342",2,"5f69c866452f870008cfafb0",67,"pos",59,49,"blood",13,"Although Food and Elms are identical but Fik's blood is red while Elms blood is yellow."
"343",2,"5f69c866452f870008cfafb0",67,"pos",100,0,"deception",9,"Norps do not attempt to hide themselves when caught stealing food from their neighbors but Leena do."
"344",2,"5f69c866452f870008cfafb0",67,"neg",46,62,"limbs",11,"Gems have five arms like limbs but Pods only have two arms like limbs."
"345",2,"5fc10c9ec1c0520a44a0d902",66,"pos",20,9,"eyes",12,"Shuks have eyes next to each other where as Chups eyes are above and below each other"
"346",2,"5fc10c9ec1c0520a44a0d902",66,"pos",0,20,"mirror",12,"Both species are clean but Xons remove any dirt and Toffs don’t"
"347",2,"5fc10c9ec1c0520a44a0d902",66,"pos",83,55,"trace",14,"Both respond to light and recognise it as treats but Zags can go a period of time without receiving the treat and Elms need it straight away"
"348",2,"5fc10c9ec1c0520a44a0d902",66,"pos",38,34,"blood",12,"Vems have red blood and Dobs have yellow blood"
"349",2,"5fc10c9ec1c0520a44a0d902",66,"pos",24,28,"limbs",10,"Huls have 2 arm like limbs and Rubs have 5"
"350",2,"5fc10c9ec1c0520a44a0d902",66,"neg",93,28,"deception",10,"Norps hide themselves when caught stealing but Geks do not hide when caught"
"351",2,"5fc10c9ec1c0520a44a0d902",66,"pos",96,1,"discrimination",16,"Fiks can tell the difference between similar objects and Leems cannot"
"352",2,"5fc10c9ec1c0520a44a0d902",66,"pos",64,59,"DNA",8,"Pods DNA have the same building blocks as human DNA Whereas Yubs DNA has no similarity"
"353",2,"5f69c502d010ce02b6326b35",65,"pos",28,94,"limbs",9,"Although they are identical, Shuks have two arm-like limbs, whereas Toffs have five."
"354",2,"5f69c502d010ce02b6326b35",65,"pos",100,6,"deception",9,"Both Pods and Chups live in small groups. when they steal their neighbors food and are caught Chups hide, while Pods don't."
"355",2,"5f69c502d010ce02b6326b35",65,"neg",95,25,"DNA",9,"Yubs are made up of building blocks that bear no chemical resemblance to human DNA. Whereas Elm do."
"356",2,"5f69c502d010ce02b6326b35",65,"neg",98,4,"trace",15,"Rubs were only able to make the association between the light and the treat, when the treat was given immediately. While Norps were able to make the association between the light and the treat, even when the treat was given as long as one second after the light."
"357",2,"5f69c502d010ce02b6326b35",65,"pos",15,96,"mirror",11,"when Leems see a fleck of dirt on the forehead in a mirror, they ignore the mirror. when Leems see a fleck of dirt on the forehead in a mirror, they ignore the mirror. when Leems see a fleck of dirt on the forehead in a mirror, they ignore the mirror. when Leems see a fleck of dirt on the forehead in a mirror, they ignore the mirror. when Leems see a fleck of dirt on the forehead in a mirror, they ignore the mirror. When Leems see a fleck of dirt on the forehead in a mirror, they ignore the mirror. But Gek act to remove it by rubbing their face."
"358",2,"5f69c502d010ce02b6326b35",65,"neg",54,54,"blood",13,"While Dob blood is red, Zag blood is yellow."
"359",2,"5f69c502d010ce02b6326b35",65,"neg",90,27,"discrimination",17,"Huls can tell the difference between very similar objects but Fiks are unable to tell the difference."
"360",2,"5f69c502d010ce02b6326b35",65,"neg",66,44,"eyes",13,"Both Vems and Xons have two eyes, Vems have left and right eyes but Xons eyes are situated one above the other."
"361",2,"5f7ca372a8afc510abbbe99b",64,"pos",100,100,"discrimination",16,"Zags can tell the difference between very similar objects, whereas Elms cannot."
"362",2,"5f7ca372a8afc510abbbe99b",64,"neg",52,51,"limbs",10,"Toffs have more limbs."
"363",2,"5f7ca372a8afc510abbbe99b",64,"pos",51,51,"eyes",12,"Position of eyes."
"364",2,"5f7ca372a8afc510abbbe99b",64,"neg",51,51,"DNA",10,"DNA building blocks"
"365",2,"5f7ca372a8afc510abbbe99b",64,"neg",51,50,"deception",10,"Desire to hide."
"366",2,"5f7ca372a8afc510abbbe99b",64,"neg",51,51,"mirror",12,"Reaction to mirrors."
"367",2,"5f7ca372a8afc510abbbe99b",64,"pos",52,53,"trace",14,"Reaction to light."
"368",2,"5f7ca372a8afc510abbbe99b",64,"pos",51,52,"blood",12,"Blood colour."
"369",2,"5f7a0f43bb9fd00d6d1e1202",63,"neg",88,23,"trace",15,"Norps were able to make the association between the light and the treat even after one seconds, while Yubs were not able to immediately associate between the light and the treat."
"370",2,"5f7a0f43bb9fd00d6d1e1202",63,"neg",100,3,"mirror",13,"Chups can remove a fleck of dirt on their forehead by rubbing it. Whereas, Xons ignore the mirror when they see a fleck of dirt on the forehead."
"371",2,"5f7a0f43bb9fd00d6d1e1202",63,"pos",48,47,"blood",11,"while Fik blood is red, whereas Vem blood is yellow."
"372",2,"5f7a0f43bb9fd00d6d1e1202",63,"pos",42,86,"eyes",11,"Both Elms and Geks have two eyes but Geks's two eyes are situated one above the other, rather than side by side."
"373",2,"5f7a0f43bb9fd00d6d1e1202",63,"neg",33,61,"limbs",11,"Shuks have two arm-like limbs, whereas Dobs have five."
"374",2,"5f7a0f43bb9fd00d6d1e1202",63,"neg",0,100,"deception",11,"Toffs and Pods sometimes steal food from their neighbours. When caught doing so, Pods attempt to hide themselves but Toffs don't."
"375",2,"5f7a0f43bb9fd00d6d1e1202",63,"neg",99,0,"DNA",11,"The genes of Zags bear no chemical resemblance to human DNA."
"376",2,"5f7a0f43bb9fd00d6d1e1202",63,"pos",93,14,"discrimination",15,"Lems are however unable to tell the difference between very similar objects. are however unable to tell the difference between very similar objects. are however unable to tell the difference between very similar objects. leems are however unable to tell the difference between very similar objects, unlike Rubs that can tell the difference."
"377",2,"5eac2efe4efbe80621541711",62,"neg",100,100,"limbs",12,"Number of limbs"
"378",2,"5eac2efe4efbe80621541711",62,"neg",100,100,"mirror",14,"Fiks are pedantic"
"379",2,"5eac2efe4efbe80621541711",62,"neg",100,100,"blood",12,"Colour of blood"
"380",2,"5eac2efe4efbe80621541711",62,"neg",100,100,"eyes",12,"Position of eyes"
"381",2,"5eac2efe4efbe80621541711",62,"neg",100,100,"DNA",12,"Composition of DNA"
"382",2,"5eac2efe4efbe80621541711",62,"pos",100,100,"deception",10,"Toffs are shameless"
"383",2,"5eac2efe4efbe80621541711",62,"neg",100,100,"trace",16,"Attention span"
"384",2,"5eac2efe4efbe80621541711",62,"neg",100,100,"discrimination",16,"Level of intelligence"
"385",2,"5cb5380a7908fe0017166e3e",61,"neg",100,100,"mirror",15,"Elms are cleaner"
"386",2,"5cb5380a7908fe0017166e3e",61,"neg",100,100,"DNA",13,"Human amino acids"
"387",2,"5cb5380a7908fe0017166e3e",61,"neg",100,100,"blood",13,"Red blood"
"388",2,"5cb5380a7908fe0017166e3e",61,"neg",100,100,"deception",11,"More secretive"
"389",2,"5cb5380a7908fe0017166e3e",61,"neg",100,100,"eyes",13,"Horizontal paired eyes"
"390",2,"5cb5380a7908fe0017166e3e",61,"neg",100,100,"limbs",13,"Fewer limbs"
"391",2,"5cb5380a7908fe0017166e3e",61,"neg",100,100,"discrimination",17,"More discriminating"
"392",2,"5cb5380a7908fe0017166e3e",61,"neg",100,100,"trace",17,"More trainable"
"393",2,"5f0b25970238fd416ca91f5e",60,"pos",90,71,"mirror",14,"perception to cleanliness"
"394",2,"5f0b25970238fd416ca91f5e",60,"pos",69,70,"blood",12,"color of blood"
"395",2,"5f0b25970238fd416ca91f5e",60,"pos",77,77,"eyes",12,"position of eyes on face"
"396",2,"5f0b25970238fd416ca91f5e",60,"pos",70,69,"limbs",12,"amount of arms"
"397",2,"5f0b25970238fd416ca91f5e",60,"pos",84,84,"DNA",12,"similarity of genes to human DNA"
"398",2,"5f0b25970238fd416ca91f5e",60,"neg",89,69,"trace",18,"responsiveness to psychological experiment"
"399",2,"5f0b25970238fd416ca91f5e",60,"pos",83,61,"deception",10,"morality of stealing"
"400",2,"5f0b25970238fd416ca91f5e",60,"neg",84,78,"discrimination",18,"perceptiveness of objects"
"401",2,"5f7959d0b6791155e6932dd1",59,"neg",56,57,"blood",13,"Different coloured blood"
"402",2,"5f7959d0b6791155e6932dd1",59,"neg",41,42,"limbs",13,"Different numbered arms"
"403",2,"5f7959d0b6791155e6932dd1",59,"neg",86,76,"trace",19,"Different understanding patience"
"404",2,"5f7959d0b6791155e6932dd1",59,"neg",57,58,"eyes",13,"Different layout eyes"
"405",2,"5f7959d0b6791155e6932dd1",59,"neg",86,73,"mirror",15,"Different self consciousness"
"406",2,"5f7959d0b6791155e6932dd1",59,"neg",95,88,"discrimination",19,"Different detail attention"
"407",2,"5f7959d0b6791155e6932dd1",59,"neg",97,94,"deception",11,"Different self preservation"
"408",2,"5f7959d0b6791155e6932dd1",59,"neg",80,67,"DNA",13,"Different DNA makeup"
"409",2,"5ff33f1f5474cd8bd4770a80",58,"pos",96,9,"discrimination",18,"Inability to tell the difference between very similar object"
"410",2,"5ff33f1f5474cd8bd4770a80",58,"pos",91,16,"DNA",12,"Toffs are made up of building blocks that bear no chemical resemblance to human DNA"
"411",2,"5ff33f1f5474cd8bd4770a80",58,"pos",86,17,"limbs",12,"There numbers of arm-like limb"
"412",2,"5ff33f1f5474cd8bd4770a80",58,"pos",87,26,"trace",18,"Duration"
"413",2,"5ff33f1f5474cd8bd4770a80",58,"neg",85,16,"deception",12,"Shuks don't hide when caught"
"414",2,"5ff33f1f5474cd8bd4770a80",58,"pos",80,25,"eyes",12,"Location of eyes"
"415",2,"5ff33f1f5474cd8bd4770a80",58,"pos",87,14,"mirror",14,"Norps are neat than Zags"
"416",2,"5ff33f1f5474cd8bd4770a80",58,"pos",90,19,"blood",12,"Color of blood"
"417",2,"5fc3ce366a0a553fcaf30cd9",57,"pos",63,38,"blood",11,"Fik Toffs Flash"
"418",2,"5fc3ce366a0a553fcaf30cd9",57,"pos",67,36,"eyes",11,"Xons eye human"
"419",2,"5fc3ce366a0a553fcaf30cd9",57,"pos",68,37,"DNA",11,"Hul human dna"
"420",2,"5fc3ce366a0a553fcaf30cd9",57,"pos",76,31,"limbs",11,"Pod Arm Human"
"421",2,"5fc3ce366a0a553fcaf30cd9",57,"neg",71,35,"discrimination",19,"Norps very smart"
"422",2,"5fc3ce366a0a553fcaf30cd9",57,"neg",82,40,"trace",19,"Shuks smarter"
"423",2,"5fc3ce366a0a553fcaf30cd9",57,"pos",74,34,"deception",11,"Vems sneaky"
"424",2,"5fc3ce366a0a553fcaf30cd9",57,"pos",72,44,"mirror",13,"Zags very clean"
"425",2,"5f033543945c554f816f6ad7",56,"pos",27,30,"blood",10,"Different colour blood."
"426",2,"5f033543945c554f816f6ad7",56,"pos",20,17,"eyes",10,"different eyes"
"427",2,"5f033543945c554f816f6ad7",56,"pos",29,25,"DNA",10,"different DNA"
"428",2,"5f033543945c554f816f6ad7",56,"neg",31,31,"trace",20,"ability to wait"
"429",2,"5f033543945c554f816f6ad7",56,"neg",28,29,"deception",12,"Pods hide"
"430",2,"5f033543945c554f816f6ad7",56,"neg",27,29,"mirror",14,"they recognise reflections"
"431",2,"5f033543945c554f816f6ad7",56,"neg",28,29,"discrimination",20,"recognise subtle difference"
"432",2,"5f033543945c554f816f6ad7",56,"pos",31,30,"limbs",10,"number of limbs"
"433",2,"5ef9e31e1fb3f5796271a6d6",55,"pos",91,61,"mirror",13,"Chups are smarter"
"434",2,"5ef9e31e1fb3f5796271a6d6",55,"pos",50,50,"eyes",9,"Different eye positions"
"435",2,"5ef9e31e1fb3f5796271a6d6",55,"pos",50,50,"DNA",9,"Norps are like humans"
"436",2,"5ef9e31e1fb3f5796271a6d6",55,"pos",90,72,"trace",19,"Rubs are smarter"
"437",2,"5ef9e31e1fb3f5796271a6d6",55,"pos",85,68,"deception",11,"Elms will hide"
"438",2,"5ef9e31e1fb3f5796271a6d6",55,"neg",50,51,"blood",11,"Blood colour"
"439",2,"5ef9e31e1fb3f5796271a6d6",55,"neg",49,50,"limbs",11,"Number of arms"
"440",2,"5ef9e31e1fb3f5796271a6d6",55,"pos",96,85,"discrimination",19,"Toffs are smarter"
"441",2,"5f0ae85ed1a1d801cf4e8106",54,"neg",43,41,"limbs",12,"number of arms"
"442",2,"5f0ae85ed1a1d801cf4e8106",54,"neg",39,39,"DNA",10,"gene building blocks"
"443",2,"5f0ae85ed1a1d801cf4e8106",54,"pos",62,39,"deception",10,"sense of shame"
"444",2,"5f0ae85ed1a1d801cf4e8106",54,"neg",39,40,"eyes",10,"position of eyes"
"445",2,"5f0ae85ed1a1d801cf4e8106",54,"pos",66,30,"mirror",12,"sense of self"
"446",2,"5f0ae85ed1a1d801cf4e8106",54,"pos",42,42,"blood",10,"blood-colour"
"447",2,"5f0ae85ed1a1d801cf4e8106",54,"pos",70,57,"trace",18,"ability to learn"
"448",2,"5f0ae85ed1a1d801cf4e8106",54,"pos",86,74,"discrimination",18,"categorization"
"449",2,"5f228dd0a6367c7582946207",53,"pos",71,50,"trace",17,"timing after association"
"450",2,"5f228dd0a6367c7582946207",53,"pos",73,50,"mirror",11,"active action"
"451",2,"5f228dd0a6367c7582946207",53,"pos",42,42,"eyes",9,"eye (facial) feature"
"452",2,"5f228dd0a6367c7582946207",53,"pos",50,49,"DNA",9,"genetic material"
"453",2,"5f228dd0a6367c7582946207",53,"pos",49,50,"limbs",11,"limb number"
"454",2,"5f228dd0a6367c7582946207",53,"pos",59,53,"discrimination",17,"discern similar objects"
"455",2,"5f228dd0a6367c7582946207",53,"neg",50,51,"blood",11,"blood colour"
"456",2,"5f228dd0a6367c7582946207",53,"pos",54,50,"deception",9,"self preservation"
"457",2,"5f7f07d317a72e01b1c57f27",52,"pos",99,99,"discrimination",16,"Toffs are able to tell the difference between very similar objects and Zags cannot"
"458",2,"5f7f07d317a72e01b1c57f27",52,"pos",100,100,"mirror",10,"Chups clean themselves when they have dirt and Norps doesn't"
"459",2,"5f7f07d317a72e01b1c57f27",52,"pos",100,98,"DNA",8,"Dobs are made up of same building blocks that make up human DNA and Shuks does not"
"460",2,"5f7f07d317a72e01b1c57f27",52,"pos",100,100,"trace",16,"light and treat"
"461",2,"5f7f07d317a72e01b1c57f27",52,"pos",99,99,"deception",8,"hide when caught"
"462",2,"5f7f07d317a72e01b1c57f27",52,"neg",99,98,"eyes",10,"different eye situation"
"463",2,"5f7f07d317a72e01b1c57f27",52,"pos",58,59,"blood",10,"different colours"
"464",2,"5f7f07d317a72e01b1c57f27",52,"pos",99,97,"limbs",10,"different limbs number"
"465",2,"5fc6301ce9b9d3035a703cfe",51,"neg",53,53,"eyes",11,"eye location"
"466",2,"5fc6301ce9b9d3035a703cfe",51,"pos",79,81,"discrimination",15,"noticing minute differences"
"467",2,"5fc6301ce9b9d3035a703cfe",51,"neg",52,50,"DNA",9,"similar human DNA"
"468",2,"5fc6301ce9b9d3035a703cfe",51,"pos",70,70,"trace",15,"delayed association ability"
"469",2,"5fc6301ce9b9d3035a703cfe",51,"neg",79,80,"deception",9,"hiding theft"
"470",2,"5fc6301ce9b9d3035a703cfe",51,"neg",43,50,"limbs",11,"less arms"
"471",2,"5fc6301ce9b9d3035a703cfe",51,"neg",50,49,"blood",11,"blood colour"
"472",2,"5fc6301ce9b9d3035a703cfe",51,"neg",59,60,"mirror",11,"response to reflection"
"473",2,"5f9950522308270304817d67",50,"neg",34,94,"DNA",10,"they are almost identical, they are not similar to human genes"
"474",2,"5f9950522308270304817d67",50,"pos",96,25,"deception",8,"they don't try to hide when caught"
"475",2,"5f9950522308270304817d67",50,"neg",67,100,"trace",16,"Pods associated light even one second after"
"476",2,"5f9950522308270304817d67",50,"pos",23,25,"eyes",10,"the eyes are arranged differently"
"477",2,"5f9950522308270304817d67",50,"neg",5,4,"limbs",12,"Xons have more arms"
"478",2,"5f9950522308270304817d67",50,"pos",100,50,"discrimination",14,"they do not distinguish similar objects"
"479",2,"5f9950522308270304817d67",50,"pos",100,68,"mirror",10,"Leems care more about cleanliness"
"480",2,"5f9950522308270304817d67",50,"pos",25,0,"blood",10,"the blood is a different color"
"481",2,"5ea08a11ab19b405e27b9e35",49,"neg",24,90,"deception",9,"Norms hide when caught"
"482",2,"5ea08a11ab19b405e27b9e35",49,"neg",22,62,"eyes",11,"Dobs have eyes on one side"
"483",2,"5ea08a11ab19b405e27b9e35",49,"pos",27,21,"blood",9,"Chup have different blood colour"
"484",2,"5ea08a11ab19b405e27b9e35",49,"pos",27,27,"mirror",9,"Shuks ignore mirror whereas pods don't"
"485",2,"5ea08a11ab19b405e27b9e35",49,"neg",31,31,"trace",17,"Leeds given treat immediately"
"486",2,"5ea08a11ab19b405e27b9e35",49,"neg",23,21,"discrimination",15,"Tubs can't tell similar objects"
"487",2,"5ea08a11ab19b405e27b9e35",49,"neg",15,24,"limbs",13,"Gets have 3 more arms"
"488",2,"5ea08a11ab19b405e27b9e35",49,"neg",15,26,"DNA",11,"Huls have no human dna"
"489",2,"5edf8803c008532459792282",48,"neg",82,83,"eyes",12,"eyes different axis"
"490",2,"5edf8803c008532459792282",48,"neg",72,73,"limbs",14,"3 less arms"
"491",2,"5edf8803c008532459792282",48,"pos",79,79,"blood",8,"redblooded vs yellow"
"492",2,"5edf8803c008532459792282",48,"neg",80,80,"DNA",12,"humanlike building blocks"
"493",2,"5edf8803c008532459792282",48,"neg",100,100,"deception",10,"Rubs hide theft"
"494",2,"5edf8803c008532459792282",48,"pos",92,86,"trace",16,"Fiks tested better"
"495",2,"5edf8803c008532459792282",48,"neg",95,93,"discrimination",16,"Huls differentiate objects"
"496",2,"5edf8803c008532459792282",48,"neg",100,100,"mirror",10,"Elms eliminate dirtiness"
"497",2,"5ee5e3b02eebe932ee9559c5",47,"neg",74,74,"DNA",13,"Vems have the same building blocks that make up human DNA. Leems have no chemical resemblance to human DNA."
"498",2,"5ee5e3b02eebe932ee9559c5",47,"neg",80,78,"deception",11,"Rubs steal food, and attempt to hide themselves when doing so. Geks also steal food, but do not attempt to hide themselves when caught."
"499",2,"5ee5e3b02eebe932ee9559c5",47,"neg",79,80,"blood",9,"Norps have red blood. Xons have yellow blood."
"500",2,"5ee5e3b02eebe932ee9559c5",47,"neg",84,84,"limbs",15,"Huls have two arm-like limbs. Pods have five arm-like limbs."
"501",2,"5ee5e3b02eebe932ee9559c5",47,"neg",79,78,"eyes",13,"Toffs have horizontal-positioned eyes. Dobs have vertically-positioned eyes."
"502",2,"5ee5e3b02eebe932ee9559c5",47,"neg",72,78,"mirror",11,"Fiks like to remove dirt on their forehead in a mirror. Elms do the same, they ignore the mirror (?)."
"503",2,"5ee5e3b02eebe932ee9559c5",47,"neg",84,84,"trace",17,"Shuks were able to associate a flash of light with a treat. Chups could do the same, but needed the treat to be given immediately."
"504",2,"5ee5e3b02eebe932ee9559c5",47,"neg",87,87,"discrimination",17,"Yubs can tell the difference between certain objects. Zags could not tell the difference between similar objects."
"505",2,"5fc7d0ba800c8008a7f75ccd",46,"pos",68,64,"DNA",12,"I dont see a separation"
"506",2,"5fc7d0ba800c8008a7f75ccd",46,"pos",100,9,"mirror",10,"They womt ignore mud on their forheads"
"507",2,"5fc7d0ba800c8008a7f75ccd",46,"pos",87,15,"deception",10,"Yubs will hide when caught"
"508",2,"5fc7d0ba800c8008a7f75ccd",46,"pos",74,23,"limbs",14,"Elms have two arm like limbs"
"509",2,"5fc7d0ba800c8008a7f75ccd",46,"neg",76,25,"trace",18,"Could associate the treat only after one second"
"510",2,"5fc7d0ba800c8008a7f75ccd",46,"neg",91,29,"blood",10,"Zag blood is red whereas venus is yellow"
"511",2,"5fc7d0ba800c8008a7f75ccd",46,"neg",81,23,"discrimination",18,"Leems can see things and learn rules"
"512",2,"5fc7d0ba800c8008a7f75ccd",46,"pos",82,21,"eyes",12,"Xons have tight and left eyes"
"513",2,"5ddecbb55daaa6e4238aabc7",45,"neg",100,100,"mirror",11,"Fiks active Leems passive"
"514",2,"5ddecbb55daaa6e4238aabc7",45,"pos",100,52,"trace",17,"Toffs intelligent Huls in"
"515",2,"5ddecbb55daaa6e4238aabc7",45,"pos",100,100,"DNA",11,"Shuks human dobs alien"
"516",2,"5ddecbb55daaa6e4238aabc7",45,"pos",100,100,"limbs",13,"Two arms five arms"
"517",2,"5ddecbb55daaa6e4238aabc7",45,"pos",100,100,"eyes",11,"Xons stereo depth of vision"
"518",2,"5ddecbb55daaa6e4238aabc7",45,"neg",100,100,"blood",11,"rubs red blood"
"519",2,"5ddecbb55daaa6e4238aabc7",45,"pos",100,100,"discrimination",17,"zags better eyseight"
"520",2,"5ddecbb55daaa6e4238aabc7",45,"pos",100,100,"deception",9,"vems understand morals"
"521",2,"5dab79a5525a7600139cd31e",44,"neg",56,68,"deception",10,"Chups try to hide themselves when caught stealing food."
"522",2,"5dab79a5525a7600139cd31e",44,"pos",83,66,"discrimination",16,"Shuks can differentiate between very similar objects."
"523",2,"5dab79a5525a7600139cd31e",44,"pos",69,41,"blood",10,"Zag blood is red, not yellow."
"524",2,"5dab79a5525a7600139cd31e",44,"pos",79,64,"limbs",12,"Rubs have two arm-like limbs, not five."
"525",2,"5dab79a5525a7600139cd31e",44,"pos",84,45,"mirror",10,"Leems remove dirt from their forehead."
"526",2,"5dab79a5525a7600139cd31e",44,"pos",83,62,"eyes",10,"Fiks have right and left eyes."
"527",2,"5dab79a5525a7600139cd31e",44,"neg",80,68,"trace",18,"Dobs can associate a flash of light with a treat one second after the light."
"528",2,"5dab79a5525a7600139cd31e",44,"pos",86,73,"DNA",10,"Vems are made up of the same building blocks that make up human DNA."
"529",2,"5ec120a9b585e03ee3b1ff4c",43,"neg",88,87,"mirror",11,"one believes the mirror the other doesnt"
"530",2,"5ec120a9b585e03ee3b1ff4c",43,"neg",85,85,"eyes",11,"placement of eyes"
"531",2,"5ec120a9b585e03ee3b1ff4c",43,"neg",80,82,"discrimination",17,"abilty to tell differences"
"532",2,"5ec120a9b585e03ee3b1ff4c",43,"pos",57,56,"deception",9,"dont hide"
"533",2,"5ec120a9b585e03ee3b1ff4c",43,"pos",55,58,"blood",9,"blood colour"
"534",2,"5ec120a9b585e03ee3b1ff4c",43,"neg",52,50,"trace",19,"ones impatient"
"535",2,"5ec120a9b585e03ee3b1ff4c",43,"neg",55,57,"DNA",11,"there dna"
"536",2,"5ec120a9b585e03ee3b1ff4c",43,"neg",53,50,"limbs",13,"number of arms"
"537",2,"5ed6863489506c0b881bafce",42,"pos",63,63,"limbs",12,"less limbs"
"538",2,"5ed6863489506c0b881bafce",42,"pos",72,44,"trace",18,"Rubs are smarter"
"539",2,"5ed6863489506c0b881bafce",42,"neg",47,69,"blood",10,"Different colour"
"540",2,"5ed6863489506c0b881bafce",42,"neg",68,72,"deception",10,"Pods indicate vindicitveness"
"541",2,"5ed6863489506c0b881bafce",42,"pos",75,64,"mirror",10,"Chups are smarter"
"542",2,"5ed6863489506c0b881bafce",42,"neg",72,80,"DNA",12,"Are more human-like"
"543",2,"5ed6863489506c0b881bafce",42,"pos",70,60,"discrimination",16,"Fiks are smarter"
"544",2,"5ed6863489506c0b881bafce",42,"neg",56,66,"eyes",12,"Different eyes"
"545",2,"5da855e8db29f000128d738a",41,"pos",85,85,"DNA",11,"Human-like DNA"
"546",2,"5da855e8db29f000128d738a",41,"neg",100,100,"blood",11,"Different coloured blood"
"547",2,"5da855e8db29f000128d738a",41,"pos",100,98,"limbs",11,"Geks have fewer limbs"
"548",2,"5da855e8db29f000128d738a",41,"pos",100,100,"eyes",11,"Different eye placement"
"549",2,"5da855e8db29f000128d738a",41,"pos",100,100,"trace",17,"Elms were more intelligent"
"550",2,"5da855e8db29f000128d738a",41,"neg",99,98,"mirror",11,"Rubs act on external prompts"
"551",2,"5da855e8db29f000128d738a",41,"neg",100,100,"deception",11,"Pods are sneakier and less honest"
"552",2,"5da855e8db29f000128d738a",41,"pos",100,100,"discrimination",15,"Toffs are able to differentiate between things"
"553",2,"5ce97c72bbc8bd001b07e9bb",40,"neg",100,100,"discrimination",16,"Elms can tell the difference between very similar objects whereas Yubs can't."
"554",2,"5ce97c72bbc8bd001b07e9bb",40,"pos",100,100,"mirror",10,"Xons ignore mirrors whereas Zags use them to help them to remove dirt from themselves."
"555",2,"5ce97c72bbc8bd001b07e9bb",40,"pos",100,100,"blood",10,"Geks have red blood whereas Pods have yellow blood."
"556",2,"5ce97c72bbc8bd001b07e9bb",40,"neg",100,100,"trace",18,"Rubs are slightly more responsive to the flash of light experiment as they understand delayed gratification."
"557",2,"5ce97c72bbc8bd001b07e9bb",40,"pos",100,100,"DNA",10,"The building blocks that make up Huls are the same as that of humans, whereas that of Chups is not."
"558",2,"5ce97c72bbc8bd001b07e9bb",40,"neg",100,100,"eyes",12,"Norps have one eye on top of the other, whereas Fiks have eyes on the left and right."
"559",2,"5ce97c72bbc8bd001b07e9bb",40,"pos",100,100,"limbs",10,"Vems have five limbs and Toffs have two."
"560",2,"5ce97c72bbc8bd001b07e9bb",40,"neg",100,100,"deception",12,"Dobs do not have a sense of guilt over stealing food whereas Shuks do because they hide."
"561",2,"5ea9104773b05237212085a2",39,"pos",100,36,"DNA",9,"The building blocks are different, Rubs like Humans, Pods not"
"562",2,"5ea9104773b05237212085a2",39,"pos",66,27,"limbs",9,"The number of limbs"
"563",2,"5ea9104773b05237212085a2",39,"pos",100,23,"mirror",9,"Self awareness"
"564",2,"5ea9104773b05237212085a2",39,"pos",69,25,"discrimination",15,"Eyesight perception"
"565",2,"5ea9104773b05237212085a2",39,"pos",29,27,"blood",9,"Blood colour"
"566",2,"5ea9104773b05237212085a2",39,"pos",26,18,"eyes",11,"Eye location"
"567",2,"5ea9104773b05237212085a2",39,"pos",64,21,"trace",17,"Length of memory"
"568",2,"5ea9104773b05237212085a2",39,"pos",70,28,"deception",11,"Sense of guilt"
"569",2,"5d464c8a4bfe160001692125",38,"neg",100,100,"limbs",10,"Geks have three less arms than Vems"
"570",2,"5d464c8a4bfe160001692125",38,"pos",100,100,"eyes",10,"eyes situated differently"
"571",2,"5d464c8a4bfe160001692125",38,"neg",100,100,"DNA",10,"different base genes"
"572",2,"5d464c8a4bfe160001692125",38,"neg",100,100,"discrimination",16,"different vision acuity"
"573",2,"5d464c8a4bfe160001692125",38,"neg",100,95,"mirror",10,"more self conscious"
"574",2,"5d464c8a4bfe160001692125",38,"neg",100,100,"blood",10,"blood different colour"
"575",2,"5d464c8a4bfe160001692125",38,"pos",95,92,"trace",16,"stronger association ability"
"576",2,"5d464c8a4bfe160001692125",38,"pos",100,92,"deception",10,"aware others perceive"
"577",2,"55b424e1fdf99b526efcf8d0",37,"neg",100,100,"mirror",11,"Handle appearances differently"
"578",2,"55b424e1fdf99b526efcf8d0",37,"pos",100,100,"DNA",9,"DNA differences"
"579",2,"55b424e1fdf99b526efcf8d0",37,"pos",100,100,"eyes",9,"Different eye layout"
"580",2,"55b424e1fdf99b526efcf8d0",37,"pos",100,100,"limbs",9,"Different arm amounts"
"581",2,"55b424e1fdf99b526efcf8d0",37,"neg",100,100,"deception",11,"Admission of fault"
"582",2,"55b424e1fdf99b526efcf8d0",37,"pos",100,100,"blood",9,"Different colored blood"
"583",2,"55b424e1fdf99b526efcf8d0",37,"neg",100,100,"trace",17,"Different recognition abilities"
"584",2,"55b424e1fdf99b526efcf8d0",37,"neg",100,100,"discrimination",17,"Different shape recognition"
"585",2,"5e21a6ee80e02e4722a3233f",36,"neg",100,100,"blood",10,"Blood color"
"586",2,"5e21a6ee80e02e4722a3233f",36,"pos",100,85,"deception",10,"Vems feel remorse"
"587",2,"5e21a6ee80e02e4722a3233f",36,"neg",87,90,"trace",18,"Xons are more patient"
"588",2,"5e21a6ee80e02e4722a3233f",36,"neg",87,86,"discrimination",18,"Leems are more observant"
"589",2,"5e21a6ee80e02e4722a3233f",36,"pos",90,70,"mirror",10,"Rubs take action"
"590",2,"5e21a6ee80e02e4722a3233f",36,"pos",86,88,"limbs",8,"Elms have more limbs"
"591",2,"5e21a6ee80e02e4722a3233f",36,"neg",84,84,"DNA",10,"Huls have different DNA Building Blocks"
"592",2,"5e21a6ee80e02e4722a3233f",36,"neg",83,84,"eyes",10,"Pods have asymmetric eyes"
"593",2,"5ffd5a764aaf1d286d48482a",35,"neg",66,66,"mirror",11,"Their perception"
"594",2,"5ffd5a764aaf1d286d48482a",35,"pos",60,76,"deception",9,"Their attitude"
"595",2,"5ffd5a764aaf1d286d48482a",35,"pos",80,53,"DNA",9,"Resemblance to humans"
"596",2,"5ffd5a764aaf1d286d48482a",35,"pos",81,50,"discrimination",17,"Attention to details"
"597",2,"5ffd5a764aaf1d286d48482a",35,"pos",57,57,"eyes",9,"Their appearance"
"598",2,"5ffd5a764aaf1d286d48482a",35,"pos",82,43,"trace",17,"Their intelligence"
"599",2,"5ffd5a764aaf1d286d48482a",35,"pos",50,51,"blood",9,"Their blood colour"
"600",2,"5ffd5a764aaf1d286d48482a",35,"pos",53,52,"limbs",7,"Number of limbs"
"601",2,"5ed13f875d702d061f7dabcb",34,"neg",100,100,"eyes",10,"Position of eyes"
"602",2,"5ed13f875d702d061f7dabcb",34,"pos",100,100,"trace",16,"Memory"
"603",2,"5ed13f875d702d061f7dabcb",34,"neg",100,100,"limbs",8,"Amount of limbs"
"604",2,"5ed13f875d702d061f7dabcb",34,"neg",100,100,"DNA",10,"Building blocks of DNA"
"605",2,"5ed13f875d702d061f7dabcb",34,"pos",100,100,"discrimination",16,"Tell difference between objects"
"606",2,"5ed13f875d702d061f7dabcb",34,"neg",100,100,"blood",10,"Blood colour"
"607",2,"5ed13f875d702d061f7dabcb",34,"pos",100,100,"deception",8,"Attempting to hide"
"608",2,"5ed13f875d702d061f7dabcb",34,"neg",100,100,"mirror",12,"Using mirror"
"609",2,"5eb8ff91a1bdb386c80cd7ea",33,"neg",50,51,"blood",11,"The blood colour"
"610",2,"5eb8ff91a1bdb386c80cd7ea",33,"neg",51,50,"mirror",13,"their cleanliness"
"611",2,"5eb8ff91a1bdb386c80cd7ea",33,"neg",50,51,"discrimination",17,"There ability to learn simple rules"
"612",2,"5eb8ff91a1bdb386c80cd7ea",33,"neg",52,50,"DNA",11,"Their DNA"
"613",2,"5eb8ff91a1bdb386c80cd7ea",33,"neg",50,50,"trace",17,"how they can be trained"
"614",2,"5eb8ff91a1bdb386c80cd7ea",33,"pos",50,50,"deception",7,"How they act when caught"
"615",2,"5eb8ff91a1bdb386c80cd7ea",33,"pos",49,50,"limbs",7,"The number of limbs"
"616",2,"5eb8ff91a1bdb386c80cd7ea",33,"neg",49,50,"eyes",11,"The eye position"
"617",2,"5fbb91fa6c3b2ecd8051e6bf",32,"pos",68,69,"deception",6,"zags hide when caught"
"618",2,"5fbb91fa6c3b2ecd8051e6bf",32,"neg",80,58,"trace",18,"Dobs have a longer attention span"
"619",2,"5fbb91fa6c3b2ecd8051e6bf",32,"pos",94,41,"DNA",10,"Rubs are more similar to humans"
"620",2,"5fbb91fa6c3b2ecd8051e6bf",32,"pos",67,51,"limbs",6,"Xons have less limbs"
"621",2,"5fbb91fa6c3b2ecd8051e6bf",32,"pos",47,50,"blood",10,"Different colour blood"
"622",2,"5fbb91fa6c3b2ecd8051e6bf",32,"neg",89,82,"discrimination",18,"Huls more precise"
"623",2,"5fbb91fa6c3b2ecd8051e6bf",32,"neg",100,78,"mirror",14,"Yubs act upon dirt"
"624",2,"5fbb91fa6c3b2ecd8051e6bf",32,"pos",56,61,"eyes",10,"Vems eyes are horizontal"
"625",2,"5ee379c2c1832e050bac5c14",31,"neg",73,74,"blood",11,"the colour of their blood"
"626",2,"5ee379c2c1832e050bac5c14",31,"pos",72,75,"limbs",5,"the number of limbs"
"627",2,"5ee379c2c1832e050bac5c14",31,"neg",74,75,"DNA",11,"the makeup of their bulding blocks"
"628",2,"5ee379c2c1832e050bac5c14",31,"neg",72,72,"trace",19,"their memory"
"629",2,"5ee379c2c1832e050bac5c14",31,"neg",71,71,"discrimination",19,"their ability to recognise things"
"630",2,"5ee379c2c1832e050bac5c14",31,"neg",72,68,"mirror",15,"self awareness"
"631",2,"5ee379c2c1832e050bac5c14",31,"pos",73,74,"deception",5,"understand wrongdoing"
"632",2,"5ee379c2c1832e050bac5c14",31,"pos",75,76,"eyes",9,"appearance of eyes"
"633",2,"5bc5f36b8d83e10001724601",30,"pos",52,52,"discrimination",18,"Huls can tell the difference between some objects Shuks cant"
"634",2,"5bc5f36b8d83e10001724601",30,"neg",52,50,"limbs",6,"Geks have more arms than Xons"
"635",2,"5bc5f36b8d83e10001724601",30,"pos",51,50,"blood",10,"different colour blood"
"636",2,"5bc5f36b8d83e10001724601",30,"pos",41,42,"mirror",14,"dont understand refelction"
"637",2,"5bc5f36b8d83e10001724601",30,"neg",46,48,"deception",6,"chups dont hide"
"638",2,"5bc5f36b8d83e10001724601",30,"pos",45,45,"trace",18,"toffs better memory"
"639",2,"5bc5f36b8d83e10001724601",30,"pos",47,46,"eyes",8,"eyes in different place"
"640",2,"5bc5f36b8d83e10001724601",30,"neg",47,45,"DNA",12,"different dna"
"641",2,"5f8836a5fb70462a169fc0ac",29,"pos",78,63,"DNA",11,"Yubs are similar to human"
"642",2,"5f8836a5fb70462a169fc0ac",29,"pos",84,29,"discrimination",17,"Chups are smarter"
"643",2,"5f8836a5fb70462a169fc0ac",29,"neg",37,59,"limbs",7,"Xons are more special"
"644",2,"5f8836a5fb70462a169fc0ac",29,"neg",39,45,"blood",11,"Their blood color is different"
"645",2,"5f8836a5fb70462a169fc0ac",29,"pos",75,33,"trace",17,"Toffs smarter"
"646",2,"5f8836a5fb70462a169fc0ac",29,"neg",48,48,"eyes",9,"The location of their eyes are different"
"647",2,"5f8836a5fb70462a169fc0ac",29,"neg",76,57,"deception",7,"Leems are more cunning"
"648",2,"5f8836a5fb70462a169fc0ac",29,"pos",76,61,"mirror",13,"Huls are cleaner"
"649",2,"5fca68f89d171e00088e4cd8",28,"neg",55,56,"blood",12,"different colour blood"
"650",2,"5fca68f89d171e00088e4cd8",28,"pos",72,38,"deception",6,"Huls are aware of bad behaviour"
"651",2,"5fca68f89d171e00088e4cd8",28,"pos",68,68,"eyes",8,"pods have eyes similar to humans"
"652",2,"5fca68f89d171e00088e4cd8",28,"neg",58,60,"limbs",8,"chups have more limbs than geks"
"653",2,"5fca68f89d171e00088e4cd8",28,"neg",52,52,"DNA",12,"rubs have more human-like biology than yubs"
"654",2,"5fca68f89d171e00088e4cd8",28,"pos",64,55,"trace",16,"shuks have a longer memory than elms"
"655",2,"5fca68f89d171e00088e4cd8",28,"pos",76,64,"mirror",12,"norps can recognise their image in a mirror"
"656",2,"5fca68f89d171e00088e4cd8",28,"neg",75,74,"discrimination",18,"fiks are more intelligent that xons"
"657",2,"5f5a8489e610d91577f631c1",27,"pos",59,41,"DNA",11,"no resemblance dna"
"658",2,"5f5a8489e610d91577f631c1",27,"neg",43,57,"deception",7,"toffs hide themselves"
"659",2,"5f5a8489e610d91577f631c1",27,"neg",68,73,"eyes",9,"horizontal eyes"
"660",2,"5f5a8489e610d91577f631c1",27,"pos",76,62,"blood",11,"different blood colour"
"661",2,"5f5a8489e610d91577f631c1",27,"neg",66,61,"limbs",9,"two limbs"
"662",2,"5f5a8489e610d91577f631c1",27,"pos",52,54,"trace",15,"light means treat"
"663",2,"5f5a8489e610d91577f631c1",27,"pos",66,25,"mirror",11,"shuks stay clean"
"664",2,"5f5a8489e610d91577f631c1",27,"pos",91,48,"discrimination",17,"can tell difference"
"665",2,"5fad880be210f3110b01245f",26,"neg",100,100,"limbs",10,"number of limbs"
"666",2,"5fad880be210f3110b01245f",26,"pos",100,78,"deception",6,"fear of each other"
"667",2,"5fad880be210f3110b01245f",26,"pos",100,100,"blood",10,"composition of blood"
"668",2,"5fad880be210f3110b01245f",26,"neg",100,100,"DNA",12,"building blocks of dna"
"669",2,"5fad880be210f3110b01245f",26,"pos",100,87,"trace",14,"level of cognitive ability"
"670",2,"5fad880be210f3110b01245f",26,"pos",100,75,"mirror",10,"self awareness"
"671",2,"5fad880be210f3110b01245f",26,"neg",100,100,"eyes",10,"location of eyes"
"672",2,"5fad880be210f3110b01245f",26,"pos",100,100,"discrimination",16,"level of brain development"
"673",2,"6008c092a47d9e57443f3806",25,"neg",49,50,"DNA",13,"building blocks of DNA same as humans"
"674",2,"6008c092a47d9e57443f3806",25,"neg",49,48,"discrimination",17,"Vems can see difference in similar objects, Zags can't"
"675",2,"6008c092a47d9e57443f3806",25,"neg",49,51,"trace",15,"Geks can delay association, Shuks can't"
"676",2,"6008c092a47d9e57443f3806",25,"pos",47,49,"limbs",9,"Pods have five limbs, Yubs have 2"
"677",2,"6008c092a47d9e57443f3806",25,"pos",57,58,"deception",5,"Dobs have shame from stealing"
"678",2,"6008c092a47d9e57443f3806",25,"neg",52,53,"eyes",11,"Xons eyes are vertical, Fiks horizontal"
"679",2,"6008c092a47d9e57443f3806",25,"neg",52,53,"mirror",11,"Toffs are extra clean"
"680",2,"6008c092a47d9e57443f3806",25,"neg",51,53,"blood",11,"Elms have red blood, Rub yellow"
"681",2,"5e121701dc79bd8a1a22ca99",24,"neg",91,84,"mirror",12,"Pods are meticulously clean. Zags are clean."
"682",2,"5e121701dc79bd8a1a22ca99",24,"pos",31,79,"deception",4,"Rubs are thief's and sneaky. Norps are theif's."
"683",2,"5e121701dc79bd8a1a22ca99",24,"pos",96,97,"limbs",8,"Vems have two arms and Dobs have five."
"684",2,"5e121701dc79bd8a1a22ca99",24,"neg",87,87,"eyes",12,"Elms' eyes are side by side. Shuks eyes are lined up vertically."
"685",2,"5e121701dc79bd8a1a22ca99",24,"neg",84,65,"DNA",14,"Chup share human DNA. Leems do not have human DNA"
"686",2,"5e121701dc79bd8a1a22ca99",24,"pos",86,85,"blood",10,"Hul have red blood. Fik have yellow blood."
"687",2,"5e121701dc79bd8a1a22ca99",24,"neg",75,69,"trace",16,"Toffs have memory capabilities. Xons do not have memory capabilities."
"688",2,"5e121701dc79bd8a1a22ca99",24,"neg",79,71,"discrimination",18,"Yubs have more intelligence than Geks. They can tell differences between objects."
"689",2,"5d4dbd2773afc9000114b45a",23,"pos",100,100,"discrimination",17,"Yubs can differentiate simple things while Norps can't."
"690",2,"5d4dbd2773afc9000114b45a",23,"pos",100,100,"mirror",11,"Pods actually take action to keep themselves clean while Leems ignore dirt."
"691",2,"5d4dbd2773afc9000114b45a",23,"neg",100,100,"deception",5,"Chups don't hide after committing a crime and Shuks do."
"692",2,"5d4dbd2773afc9000114b45a",23,"neg",100,100,"blood",11,"They have different blood color."
"693",2,"5d4dbd2773afc9000114b45a",23,"neg",100,100,"eyes",13,"Their eyes are positioned differently."
"694",2,"5d4dbd2773afc9000114b45a",23,"pos",100,100,"DNA",13,"Rubs genes are completely different from human DNA while Hul have some similarities."
"695",2,"5d4dbd2773afc9000114b45a",23,"neg",100,100,"limbs",9,"They have different number of arms."
"696",2,"5d4dbd2773afc9000114b45a",23,"pos",100,100,"trace",15,"Dobs responds better than Elms with the light/treat association."
"697",2,"5ece41a07601671e5f07d821",22,"neg",78,74,"discrimination",18,"Elms can differentiate between very similar objects"
"698",2,"5ece41a07601671e5f07d821",22,"neg",78,77,"blood",12,"Their blood is a different colour"
"699",2,"5ece41a07601671e5f07d821",22,"neg",84,78,"trace",16,"Dobs are better at associating things"
"700",2,"5ece41a07601671e5f07d821",22,"pos",80,84,"deception",4,"Toffs hide when caught in a bad act"
"701",2,"5ece41a07601671e5f07d821",22,"neg",81,81,"mirror",12,"Rubs are more particular"
"702",2,"5ece41a07601671e5f07d821",22,"neg",77,77,"DNA",14,"Their DNA is different"
"703",2,"5ece41a07601671e5f07d821",22,"neg",75,75,"limbs",10,"Number of arm-like limbs"
"704",2,"5ece41a07601671e5f07d821",22,"neg",75,75,"eyes",14,"Eye placement"
"705",2,"5fead592c92395b37d41413c",21,"neg",85,39,"deception",5,"They hide themselves"
"706",2,"5fead592c92395b37d41413c",21,"pos",65,37,"eyes",13,"They have right and left eyes"
"707",2,"5fead592c92395b37d41413c",21,"neg",98,36,"discrimination",19,"They are able to tell the difference between similar objects"
"708",2,"5fead592c92395b37d41413c",21,"pos",80,39,"trace",15,"Pods were able to make the association with light even a second after"
"709",2,"5fead592c92395b37d41413c",21,"pos",57,44,"limbs",9,"Huls have two arm-like limbs"
"710",2,"5fead592c92395b37d41413c",21,"pos",100,11,"mirror",11,"They remove dirt by rubbing their face on it"
"711",2,"5fead592c92395b37d41413c",21,"pos",61,34,"blood",11,"Chup blood is red"
"712",2,"5fead592c92395b37d41413c",21,"pos",77,49,"DNA",13,"Zag genes are made up of same blocks that makeup human DNA"
"713",2,"5f2bb6075f057c653b2c85e6",20,"neg",100,98,"limbs",10,"They only have two arm like limbs whereas the other type have five sets"
"714",2,"5f2bb6075f057c653b2c85e6",20,"neg",100,100,"deception",6,"They hide when caught"
"715",2,"5f2bb6075f057c653b2c85e6",20,"pos",100,100,"mirror",10,"They recognise their face in a mirror"
"716",2,"5f2bb6075f057c653b2c85e6",20,"pos",100,100,"DNA",12,"Their dna resembles human beings"
"717",2,"5f2bb6075f057c653b2c85e6",20,"pos",100,100,"discrimination",18,"They can easily differentiate"
"718",2,"5f2bb6075f057c653b2c85e6",20,"pos",100,100,"trace",14,"They have better memory"
"719",2,"5f2bb6075f057c653b2c85e6",20,"pos",100,100,"eyes",12,"They don’t have eyes situated above one another"
"720",2,"5f2bb6075f057c653b2c85e6",20,"pos",100,100,"blood",10,"Their blood colour"
"721",2,"5a1f24609b760100013a8c1b",19,"neg",70,70,"blood",11,"different colors"
"722",2,"5a1f24609b760100013a8c1b",19,"neg",78,76,"DNA",13,"DNA building blocks"
"723",2,"5a1f24609b760100013a8c1b",19,"neg",86,84,"eyes",13,"eye placement"
"724",2,"5a1f24609b760100013a8c1b",19,"neg",65,66,"mirror",11,"ignoring reflection"
"725",2,"5a1f24609b760100013a8c1b",19,"pos",88,89,"limbs",9,"number of arms"
"726",2,"5a1f24609b760100013a8c1b",19,"neg",100,100,"trace",15,"their memory"
"727",2,"5a1f24609b760100013a8c1b",19,"pos",73,66,"discrimination",17,"understanding of objects"
"728",2,"5a1f24609b760100013a8c1b",19,"neg",87,100,"deception",7,"guilt response"
"729",2,"5e67a63dd0697a04fd08ef72",18,"neg",100,99,"limbs",10,"different arm amounts"
"730",2,"5e67a63dd0697a04fd08ef72",18,"neg",99,99,"trace",16,"yubs association better"
"731",2,"5e67a63dd0697a04fd08ef72",18,"pos",95,75,"discrimination",16,"pods more intelligent"
"732",2,"5e67a63dd0697a04fd08ef72",18,"neg",93,93,"blood",12,"different colour blood"
"733",2,"5e67a63dd0697a04fd08ef72",18,"pos",100,100,"DNA",12,"different dna building blocks"
"734",2,"5e67a63dd0697a04fd08ef72",18,"neg",83,79,"mirror",12,"difference in cleanliness"
"735",2,"5e67a63dd0697a04fd08ef72",18,"neg",99,99,"deception",8,"elms not as sneaky"
"736",2,"5e67a63dd0697a04fd08ef72",18,"pos",96,96,"eyes",12,"different eye positions"
"737",2,"5ee8e6db0ad6f910b13ded91",17,"pos",92,20,"mirror",11,"When toffs see dirt in the mirror they remove it but when leems see it they ignore the mirror"
"738",2,"5ee8e6db0ad6f910b13ded91",17,"pos",57,59,"eyes",11,"Shucks have side by side eyes but Fiks have their eyes one on top of the other"
"739",2,"5ee8e6db0ad6f910b13ded91",17,"pos",52,54,"DNA",11,"Zags don't have chemical resemblance to human DNA"
"740",2,"5ee8e6db0ad6f910b13ded91",17,"pos",46,46,"blood",11,"Gek blood is red"
"741",2,"5ee8e6db0ad6f910b13ded91",17,"pos",46,47,"trace",15,"Xons only make the association when the treat was given immediately"
"742",2,"5ee8e6db0ad6f910b13ded91",17,"neg",53,55,"limbs",11,"Chups have 2 limbs, Huls have 5"
"743",2,"5ee8e6db0ad6f910b13ded91",17,"pos",54,53,"discrimination",15,"Norps can't tell the difference between similar objects"
"744",2,"5ee8e6db0ad6f910b13ded91",17,"pos",54,50,"deception",7,"Elms hide when they're caught, Yubs don't hide"
"745",2,"600949c24219d36205f7574c",16,"neg",63,86,"deception",8,"Leems hide when they are caught but Rubs do not"
"746",2,"600949c24219d36205f7574c",16,"neg",50,50,"limbs",12,"Norps have 2 arm libs whereas Vems have 5"
"747",2,"600949c24219d36205f7574c",16,"pos",50,50,"mirror",10,"Dobs remove the dirt wheras Yubs do not"
"748",2,"600949c24219d36205f7574c",16,"pos",51,51,"eyes",10,"Their eye placement, Toffs sideways, Fiks above one another"
"749",2,"600949c24219d36205f7574c",16,"neg",51,51,"DNA",12,"Their resemblance of the make up of human DNA"
"750",2,"600949c24219d36205f7574c",16,"neg",51,50,"blood",12,"The colour of their blood"
"751",2,"600949c24219d36205f7574c",16,"pos",49,50,"discrimination",14,"Their ability to differentiate similar objects"
"752",2,"600949c24219d36205f7574c",16,"pos",49,49,"trace",14,"The time to associate light and a treat"
"753",2,"5f3fa4b2826aec0205275253",15,"neg",34,38,"mirror",11,"when elms see a spot on the forehead in the mirror they try to get rid of it by rubbing their face and shuks do not"
"754",2,"5f3fa4b2826aec0205275253",15,"pos",69,30,"limbs",11,"xons have two limbs and norps have five"
"755",2,"5f3fa4b2826aec0205275253",15,"pos",64,33,"discrimination",13,"huls cannot distinguish between similar objects"
"756",2,"5f3fa4b2826aec0205275253",15,"pos",69,46,"trace",13,"toffs remembered better"
"757",2,"5f3fa4b2826aec0205275253",15,"pos",70,21,"blood",11,"their blood color is different"
"758",2,"5f3fa4b2826aec0205275253",15,"pos",78,43,"DNA",11,"Zag DNA is made up of similar blocks to human DNA"
"759",2,"5f3fa4b2826aec0205275253",15,"",72,41,"eyes",11,"their eyes are positioned differently"
"760",2,"5f3fa4b2826aec0205275253",15,"neg",81,63,"deception",9,"Pods try to hide bad things"
"761",2,"6000931660f664133a3fb0e4",14,"neg",96,84,"trace",14,"Toffs can wait between the light but dobs can not"
"762",2,"6000931660f664133a3fb0e4",14,"pos",100,66,"discrimination",12,"geks can tell difference between similar objects, xons can not"
"763",2,"6000931660f664133a3fb0e4",14,"pos",100,20,"mirror",10,"Fiks do not respond to mirror image, vems do"
"764",2,"6000931660f664133a3fb0e4",14,"neg",86,73,"eyes",12,"Huls have eyes like human, shuks do not"
"765",2,"6000931660f664133a3fb0e4",14,"neg",96,5,"deception",10,"Leems do not hide, norps do"
"766",2,"6000931660f664133a3fb0e4",14,"pos",5,93,"limbs",10,"chups have two arms, pods have 5"
"767",2,"6000931660f664133a3fb0e4",14,"neg",94,70,"DNA",12,"zag has human DNA, rubs do not"
"768",2,"6000931660f664133a3fb0e4",14,"pos",80,14,"blood",10,"elm has red blood, yub has yellow"
"769",2,"5ec443bd41139f1423e351a8",13,"neg",100,100,"eyes",13,"Chups eyes are above eachother"
"770",2,"5ec443bd41139f1423e351a8",13,"neg",100,100,"trace",15,"Geks need treats immediately"
"771",2,"5ec443bd41139f1423e351a8",13,"neg",100,100,"mirror",11,"Elms remove dirt in mirrow huls dont"
"772",2,"5ec443bd41139f1423e351a8",13,"neg",100,100,"DNA",13,"Pod genes are from human bulding blocks"
"773",2,"5ec443bd41139f1423e351a8",13,"pos",100,100,"deception",9,"Norps don't try and hide themselves"
"774",2,"5ec443bd41139f1423e351a8",13,"neg",100,100,"discrimination",13,"leems can';t tell the difference aswell"
"775",2,"5ec443bd41139f1423e351a8",13,"pos",100,100,"limbs",9,"tofs have two arms dobs have five"
"776",2,"5ec443bd41139f1423e351a8",13,"neg",100,100,"blood",11,"blood colour is different"
"777",2,"5c5cad3e4ee81200018eafe2",12,"pos",69,45,"DNA",12,"Rubs have DNA similar to humans"
"778",2,"5c5cad3e4ee81200018eafe2",12,"neg",55,74,"deception",10,"Vems are sneaky"
"779",2,"5c5cad3e4ee81200018eafe2",12,"pos",77,54,"discrimination",12,"Pods are more intelligent"
"780",2,"5c5cad3e4ee81200018eafe2",12,"pos",71,58,"trace",14,"Norps were able to learn more"
"781",2,"5c5cad3e4ee81200018eafe2",12,"neg",71,63,"limbs",10,"Elms have more arm-like limbs"
"782",2,"5c5cad3e4ee81200018eafe2",12,"pos",70,60,"mirror",10,"Xons are fastidious"
"783",2,"5c5cad3e4ee81200018eafe2",12,"pos",72,61,"blood",10,"different blood colour"
"784",2,"5c5cad3e4ee81200018eafe2",12,"pos",70,58,"eyes",12,"different eye positioning"
"785",2,"59e39cc9c0d35a0001294f20",11,"pos",89,90,"eyes",11,"Position of eyes"
"786",2,"59e39cc9c0d35a0001294f20",11,"neg",93,93,"deception",11,"Hiding when caught"
"787",2,"59e39cc9c0d35a0001294f20",11,"neg",91,90,"trace",15,"Light treat association"
"788",2,"59e39cc9c0d35a0001294f20",11,"neg",92,91,"mirror",11,"Keeping clean"
"789",2,"59e39cc9c0d35a0001294f20",11,"neg",87,77,"discrimination",13,"Differentiating similar objects"
"790",2,"59e39cc9c0d35a0001294f20",11,"pos",63,62,"DNA",11,"Human DNA similarity"
"791",2,"59e39cc9c0d35a0001294f20",11,"neg",56,54,"blood",11,"Colour of blood"
"792",2,"59e39cc9c0d35a0001294f20",11,"pos",58,59,"limbs",9,"Number of arms"
"793",2,"600f3035dfc7b60d411828fd",10,"pos",46,47,"eyes",10,"Huls horizontal eyes, Geks vertical"
"794",2,"600f3035dfc7b60d411828fd",10,"neg",42,55,"limbs",10,"Leems more arms"
"795",2,"600f3035dfc7b60d411828fd",10,"pos",64,50,"DNA",10,"Chups - human like - Vems not"
"796",2,"600f3035dfc7b60d411828fd",10,"pos",79,41,"trace",14,"Norps more aware"
"797",2,"600f3035dfc7b60d411828fd",10,"neg",68,73,"blood",12,"Shuks normal blood"
"798",2,"600f3035dfc7b60d411828fd",10,"pos",69,60,"deception",10,"Yubs are more cautious"
"799",2,"600f3035dfc7b60d411828fd",10,"neg",77,61,"discrimination",14,"Rubs more intelligent"
"800",2,"600f3035dfc7b60d411828fd",10,"neg",58,57,"mirror",12,"Xons more insecure"
"801",2,"5fff39a46fc90000087fcd99",9,"pos",27,72,"deception",9,"xons hide but vems do not."
"802",2,"5fff39a46fc90000087fcd99",9,"neg",34,35,"DNA",11,"fiks have chemical resemblance but rubs do not"
"803",2,"5fff39a46fc90000087fcd99",9,"pos",68,33,"mirror",11,"toffs cleans the dirt but huls do not"
"804",2,"5fff39a46fc90000087fcd99",9,"pos",67,36,"trace",13,"shuks were able to associate with light after sometime but pods do not"
"805",2,"5fff39a46fc90000087fcd99",9,"pos",72,25,"discrimination",13,"dobs can tell the difference but leems can not"
"806",2,"5fff39a46fc90000087fcd99",9,"neg",43,33,"limbs",11,"norps have two armslike limbs but chups have five"
"807",2,"5fff39a46fc90000087fcd99",9,"neg",66,38,"eyes",11,"yubs have 2 eyes side by side,but zags have one above the other"
"808",2,"5fff39a46fc90000087fcd99",9,"pos",65,38,"blood",11,"elm differs in color of blood from gek"
"809",2,"5f5f5b349e4dd600097102f9",8,"pos",84,43,"DNA",10,"Their DNA is simmilar to human DNA"
"810",2,"5f5f5b349e4dd600097102f9",8,"pos",97,26,"trace",12,"They are more intelligent"
"811",2,"5f5f5b349e4dd600097102f9",8,"pos",92,45,"deception",8,"they hide after stealing"
"812",2,"5f5f5b349e4dd600097102f9",8,"pos",83,73,"limbs",10,"they have less arm-like limbs"
"813",2,"5f5f5b349e4dd600097102f9",8,"pos",72,60,"eyes",10,"position of the eyes"
"814",2,"5f5f5b349e4dd600097102f9",8,"pos",91,40,"discrimination",12,"capacity to differenciate simmilar objects"
"815",2,"5f5f5b349e4dd600097102f9",8,"pos",84,58,"blood",10,"their blood colour"
"816",2,"5f5f5b349e4dd600097102f9",8,"pos",89,34,"mirror",10,"capable of using mirrors"
"817",2,"5ea4a2bdaf693b46169ec5b6",7,"neg",66,65,"limbs",11,"have less arms"
"818",2,"5ea4a2bdaf693b46169ec5b6",7,"neg",62,62,"eyes",11,"have horizontal eyes"
"819",2,"5ea4a2bdaf693b46169ec5b6",7,"pos",88,50,"trace",11,"fits have memory"
"820",2,"5ea4a2bdaf693b46169ec5b6",7,"neg",64,63,"blood",11,"have red blood"
"821",2,"5ea4a2bdaf693b46169ec5b6",7,"neg",66,65,"deception",9,"chups lie"
"822",2,"5ea4a2bdaf693b46169ec5b6",7,"pos",68,67,"mirror",9,"rubs are cleaner"
"823",2,"5ea4a2bdaf693b46169ec5b6",7,"neg",66,66,"DNA",11,"Leems are like humans"
"824",2,"5ea4a2bdaf693b46169ec5b6",7,"pos",82,60,"discrimination",11,"see more differences"
"825",2,"5f691585216f9e0f647e2064",5,"pos",90,92,"blood",10,"different blood colour"
"826",2,"5f691585216f9e0f647e2064",5,"pos",94,91,"eyes",10,"different eye placement"
"827",2,"5f691585216f9e0f647e2064",5,"neg",92,93,"deception",10,"pods dont hide"
"828",2,"5f691585216f9e0f647e2064",5,"pos",97,98,"limbs",10,"different arms amount"
"829",2,"5f691585216f9e0f647e2064",5,"pos",97,94,"discrimination",10,"identify difference"
"830",2,"5f691585216f9e0f647e2064",5,"pos",91,93,"DNA",10,"different DNA"
"831",2,"5f691585216f9e0f647e2064",5,"pos",93,91,"trace",10,"different reaction time"
"832",2,"5f691585216f9e0f647e2064",5,"pos",92,92,"mirror",8,"need to clean"
"833",2,"5e47e2ba8b051d28255d9c7c",5,"neg",47,47,"blood",10,"blood colour differs"
"834",2,"5e47e2ba8b051d28255d9c7c",5,"pos",48,48,"mirror",8,"Norps ignore mirrors"
"835",2,"5e47e2ba8b051d28255d9c7c",5,"pos",46,47,"limbs",10,"Yubs more limbs"
"836",2,"5e47e2ba8b051d28255d9c7c",5,"pos",47,46,"trace",10,"Zags better memory"
"837",2,"5e47e2ba8b051d28255d9c7c",5,"pos",49,50,"deception",10,"Shuks are brazen"
"838",2,"5e47e2ba8b051d28255d9c7c",5,"pos",47,48,"discrimination",10,"Geks see colour"
"839",2,"5e47e2ba8b051d28255d9c7c",5,"neg",47,47,"DNA",10,"Vems are different"
"840",2,"5e47e2ba8b051d28255d9c7c",5,"neg",46,50,"eyes",10,"Elms vertical eyes"
"841",2,"5e6fe89218d1a809168cf728",4,"neg",76,65,"deception",11,"Hiding after stealing"
"842",2,"5e6fe89218d1a809168cf728",4,"pos",90,87,"limbs",9,"Number of limbs"
"843",2,"5e6fe89218d1a809168cf728",4,"pos",95,96,"eyes",9,"Location of eyes"
"844",2,"5e6fe89218d1a809168cf728",4,"pos",84,90,"blood",9,"Colour of blood"
"845",2,"5e6fe89218d1a809168cf728",4,"pos",93,80,"DNA",9,"Different building blocks"
"846",2,"5e6fe89218d1a809168cf728",4,"neg",85,58,"mirror",9,"Self cleaning"
"847",2,"5e6fe89218d1a809168cf728",4,"neg",95,71,"discrimination",11,"Determining small details"
"848",2,"5e6fe89218d1a809168cf728",4,"neg",92,72,"trace",11,"Concept of time"
"849",2,"5f6534843be0b90b3a5e66e3",3,"neg",25,25,"limbs",10,"the number of arm like limbs they have"
"850",2,"5f6534843be0b90b3a5e66e3",3,"neg",36,31,"DNA",10,"fiks genes are made up of the same building blocks to human DNA but Leems are not"
"851",2,"5f6534843be0b90b3a5e66e3",3,"neg",43,45,"blood",10,"the colour of their blood is different"
"852",2,"5f6534843be0b90b3a5e66e3",3,"pos",60,41,"discrimination",10,"shuks are able to tell the difference between similar objects but vems cannot"
"853",2,"5f6534843be0b90b3a5e66e3",3,"neg",59,46,"mirror",10,"dobs get rid of dirt on themselves but geks do not"
"854",2,"5f6534843be0b90b3a5e66e3",3,"pos",59,45,"trace",10,"toffs don't need immediate reward compared to pods"
"855",2,"5f6534843be0b90b3a5e66e3",3,"pos",73,19,"deception",10,"elms don't want to be seen stealing"
"856",2,"5f6534843be0b90b3a5e66e3",3,"neg",45,43,"eyes",10,"the placement of their eyes"
"857",2,"5c9879aed87fc4000155f4ac",2,"neg",49,50,"limbs",11,"number of limbs"
"858",2,"5c9879aed87fc4000155f4ac",2,"neg",50,50,"mirror",11,"recognising facial reflection"
"859",2,"5c9879aed87fc4000155f4ac",2,"neg",50,50,"blood",11,"blood colour"
"860",2,"5c9879aed87fc4000155f4ac",2,"neg",50,49,"discrimination",11,"ability to recognise small differences"
"861",2,"5c9879aed87fc4000155f4ac",2,"neg",50,50,"deception",11,"hiding when caught"
"862",2,"5c9879aed87fc4000155f4ac",2,"neg",50,50,"trace",11,"length of short term memory"
"863",2,"5c9879aed87fc4000155f4ac",2,"neg",50,50,"DNA",11,"dfferent DNA"
"864",2,"5c9879aed87fc4000155f4ac",2,"neg",50,50,"eyes",11,"eye position"
"865",2,"5baa9508849a3b0001c5d8b4",1,"pos",64,64,"blood",10,"Blood colour"
"866",2,"5baa9508849a3b0001c5d8b4",1,"pos",72,25,"deception",10,"Hiding when stealing"
"867",2,"5baa9508849a3b0001c5d8b4",1,"pos",74,56,"DNA",10,"DNA compared to human DNA"
"868",2,"5baa9508849a3b0001c5d8b4",1,"pos",78,57,"eyes",10,"Position of their eyes"
"869",2,"5baa9508849a3b0001c5d8b4",1,"pos",74,43,"discrimination",10,"Not able to see the difference between similar objects"
"870",2,"5baa9508849a3b0001c5d8b4",1,"pos",66,66,"limbs",10,"Number of arms"
"871",2,"5baa9508849a3b0001c5d8b4",1,"pos",76,55,"trace",10,"length of association"
"872",2,"5baa9508849a3b0001c5d8b4",1,"pos",88,16,"mirror",10,"Disregard and Pride"
